manufacturer,canonical_name,model_number,generation,cooling_type,hashboard_count,stock_hashrate_th,stock_power_w,stock_efficiency_j_th,asic_chip,process_node,release_date,is_current_product,notes,source_urls
bitmain,Antminer S1,S1,S1-S5 Legacy,air,4,0.18,360,2000.0,BM1380,55nm,2013-01-01,False,First-gen Antminer. 55nm chip.,"https://support.bitmain.com,https://www.asicminervalue.com/manufacturers/bitmain,https://d-central.tech,https://hashrateindex.com"
bitmain,Antminer S2,S2,S1-S5 Legacy,air,3,1.0,1000,1000.0,BM1382,55nm,2014-01-01,False,,"https://support.bitmain.com,https://www.asicminervalue.com/manufacturers/bitmain,https://d-central.tech,https://hashrateindex.com"
bitmain,Antminer S3,S3,S1-S5 Legacy,air,3,0.478,366,765.69,BM1382,55nm,2014-01-01,False,478 GH/s,"https://support.bitmain.com,https://www.asicminervalue.com/manufacturers/bitmain,https://d-central.tech,https://hashrateindex.com"
bitmain,Antminer S4,S4,S1-S5 Legacy,air,4,2.0,1400,700.0,BM1384,28nm,2014-01-01,False,,"https://support.bitmain.com,https://www.asicminervalue.com/manufacturers/bitmain,https://d-central.tech,https://hashrateindex.com"
bitmain,Antminer S5,S5,S1-S5 Legacy,air,1,1.155,590,510.82,BM1384,28nm,2014-12-01,False,ASIC Miner Value: 1.2 TH/s @ 590W listed (slight rounding variant). Noise 65dB.,"https://support.bitmain.com,https://www.asicminervalue.com/manufacturers/bitmain,https://d-central.tech,https://hashrateindex.com,https://www.asicminervalue.com/miners/antminer-s5"
bitmain,Antminer S5+,S5+,S1-S5 Legacy,air,4,7.722,3150,407.93,BM1384,28nm,2016-06-01,False,,"https://support.bitmain.com,https://www.asicminervalue.com/manufacturers/bitmain,https://d-central.tech,https://hashrateindex.com"
bitmain,Antminer S7,S7,S7 Series,air,3,4.73,1293,273.36,BM1385,28nm,2015-08-01,False,,"https://support.bitmain.com,https://www.asicminervalue.com/manufacturers/bitmain,https://d-central.tech,https://hashrateindex.com"
bitmain,Antminer S7-LN,S7-LN,S7 Series,air,3,2.7,697,258.15,BM1385,28nm,2016-06-01,False,Low-noise variant of S7. Noise 48dB.,"https://support.bitmain.com,https://www.asicminervalue.com/manufacturers/bitmain,https://d-central.tech,https://hashrateindex.com,https://www.asicminervalue.com/miners/antminer-s7-ln"
bitmain,Antminer S9 (11.5 TH),S9,S9 Series,air,3,11.5,1127,98.0,BM1387,16nm,2016-06-01,False,Noise 85dB.,"https://support.bitmain.com,https://www.asicminervalue.com/manufacturers/bitmain,https://d-central.tech,https://hashrateindex.com,https://www.asicminervalue.com/miners/antminer-s9-11-5th"
bitmain,Antminer S9 (12.5 TH),S9,S9 Series,air,3,12.5,1225,98.0,BM1387,16nm,2017-02-01,False,Noise 85dB.,"https://support.bitmain.com,https://www.asicminervalue.com/manufacturers/bitmain,https://d-central.tech,https://hashrateindex.com,https://www.asicminervalue.com/miners/antminer-s9-12-5th"
bitmain,Antminer S9 (13.0 TH),S9,S9 Series,air,3,13.0,1274,98.0,BM1387,16nm,2017-08-01,False,ASIC Miner Value lists 13TH @ 1300W (100 J/TH) for some batches. Noise 85dB.,"https://support.bitmain.com,https://www.asicminervalue.com/manufacturers/bitmain,https://d-central.tech,https://hashrateindex.com,https://www.asicminervalue.com/miners/antminer-s9-13th"
bitmain,Antminer S9 (13.5 TH),S9,S9 Series,air,3,13.5,1323,98.0,BM1387,16nm,2017-09-01,False,Noise 85dB.,"https://support.bitmain.com,https://www.asicminervalue.com/manufacturers/bitmain,https://d-central.tech,https://hashrateindex.com,https://www.asicminervalue.com/miners/antminer-s9-13-5th"
bitmain,Antminer S9 (14.0 TH),S9,S9 Series,air,3,14.0,1372,98.0,BM1387,16nm,2017-11-01,False,Noise 85dB.,"https://support.bitmain.com,https://www.asicminervalue.com/manufacturers/bitmain,https://d-central.tech,https://hashrateindex.com,https://www.asicminervalue.com/miners/antminer-s9-14th"
bitmain,Antminer S9i (13.0 TH),S9i,S9 Series,air,3,13.0,1280,98.46,BM1387,16nm,2018-05-01,False,ASIC Miner Value: 13TH @ 1290W listed. Noise 76dB.,"https://support.bitmain.com,https://www.asicminervalue.com/manufacturers/bitmain,https://d-central.tech,https://hashrateindex.com,https://www.asicminervalue.com/miners/sha-256"
bitmain,Antminer S9i (13.5 TH),S9i,S9 Series,air,3,13.5,1310,97.04,BM1387,16nm,2018-05-01,False,,"https://support.bitmain.com,https://www.asicminervalue.com/manufacturers/bitmain,https://d-central.tech,https://hashrateindex.com"
bitmain,Antminer S9i (14.0 TH),S9i,S9 Series,air,3,14.0,1320,94.29,BM1387,16nm,2018-05-01,False,"ASIC Miner Value: 14TH @ 1320W, 94.29 J/TH. Noise 76dB.","https://support.bitmain.com,https://www.asicminervalue.com/manufacturers/bitmain,https://d-central.tech,https://hashrateindex.com,https://www.asicminervalue.com/miners/antminer-s9i-14th"
bitmain,Antminer S9i (14.5 TH),S9i,S9 Series,air,3,14.5,1365,94.14,BM1387,16nm,2018-05-01,False,,"https://support.bitmain.com,https://www.asicminervalue.com/manufacturers/bitmain,https://d-central.tech,https://hashrateindex.com"
bitmain,Antminer S9j (14.0 TH),S9j,S9 Series,air,3,14.0,1314,93.86,BM1387BE/BF,16nm,2018-08-01,False,j = bin-selected variant with BM1387BE/BF chips.,"https://support.bitmain.com,https://www.asicminervalue.com/manufacturers/bitmain,https://d-central.tech,https://hashrateindex.com"
bitmain,Antminer S9j (14.5 TH),S9j,S9 Series,air,3,14.5,1350,93.1,BM1387BE/BF,16nm,2018-08-01,False,Noise 76dB.,"https://support.bitmain.com,https://www.asicminervalue.com/manufacturers/bitmain,https://d-central.tech,https://hashrateindex.com,https://www.asicminervalue.com/miners/antminer-s9j-14-5th"
bitmain,Antminer S9 Hydro,S9 Hydro,S9 Series,hydro,4,18.0,1728,96.0,BM1387,16nm,2018-08-01,False,Water-cooled variant. 4 hashboards.,"https://support.bitmain.com,https://www.asicminervalue.com/manufacturers/bitmain,https://d-central.tech,https://hashrateindex.com,https://www.asicminervalue.com/miners/antminer-s9-hydro-18th"
bitmain,Antminer S9k (13.5 TH),S9k,S9 Series,air,3,13.5,1148,85.04,BM1393B,16nm,2019-08-01,False,ASIC Miner Value: 13.5TH @ 1310W (97.04 J/TH) listed. Noise 76dB.,"https://support.bitmain.com,https://www.asicminervalue.com/manufacturers/bitmain,https://d-central.tech,https://hashrateindex.com,https://www.asicminervalue.com/miners/antminer-s9k-13-5th"
bitmain,Antminer S9 SE (16 TH),S9 SE,S9 Series,air,3,16.0,1280,80.0,BM1393CE,16nm,2019-07-01,False,Noise 76dB.,"https://support.bitmain.com,https://www.asicminervalue.com/manufacturers/bitmain,https://d-central.tech,https://hashrateindex.com,https://www.asicminervalue.com/miners/antminer-s9-se-16th"
bitmain,Antminer R4,R4,R4 Series,air,3,8.7,845,97.13,BM1387B/BL,16nm,2017-02-01,False,Home/quiet miner. Noise 52dB.,"https://support.bitmain.com,https://www.asicminervalue.com/manufacturers/bitmain,https://d-central.tech,https://hashrateindex.com,https://www.asicminervalue.com/miners/scc-siaclassic"
bitmain,Antminer S11 (20.5 TH),S11,S11 Series,air,3,20.5,1530,74.63,BM1387,16nm,2018-11-01,False,Noise 76dB.,"https://support.bitmain.com,https://www.asicminervalue.com/manufacturers/bitmain,https://d-central.tech,https://hashrateindex.com,https://www.asicminervalue.com/miners/antminer-s11-20-5th"
bitmain,Antminer T9 (11.5 TH),T9,T9 Series,air,3,11.5,1450,126.09,BM1387,16nm,2017-04-01,False,ASIC Miner Value: 11.5TH @ 1450W (126.09 J/TH). Noise 68dB.,"https://support.bitmain.com,https://www.asicminervalue.com/manufacturers/bitmain,https://d-central.tech,https://hashrateindex.com,https://www.asicminervalue.com/miners/antminer-t9-11-5th"
bitmain,Antminer T9 (12.5 TH),T9,T9 Series,air,3,12.5,1576,126.08,BM1387,16nm,2017-08-01,False,Noise 68dB.,"https://support.bitmain.com,https://www.asicminervalue.com/manufacturers/bitmain,https://d-central.tech,https://hashrateindex.com,https://www.asicminervalue.com/miners/antminer-t9-12-5th"
bitmain,Antminer T9+ (10.5 TH),T9+,T9 Series,air,3,10.5,1432,136.38,BM1387,16nm,2018-01-01,False,Noise 76dB.,"https://support.bitmain.com,https://www.asicminervalue.com/manufacturers/bitmain,https://d-central.tech,https://hashrateindex.com,https://www.asicminervalue.com/miners/antminer-t9-10-5th"
bitmain,Antminer S15 (28 TH),S15,S15/T15 Series,air,4,28.0,1596,57.0,BM1391AE,7nm,2018-12-01,False,HP mode: 28TH/1596W; LP mode: 17TH/850W (50 J/TH). Noise 76dB.,"https://support.bitmain.com,https://www.asicminervalue.com/manufacturers/bitmain,https://d-central.tech,https://hashrateindex.com,https://www.asicminervalue.com/miners/antminer-s15-28th"
bitmain,Antminer T15 (23 TH),T15,S15/T15 Series,air,3,23.0,1541,67.0,BM1391AE,7nm,2018-12-01,False,HP mode: 23TH/1541W; LP mode: 20TH/1200W (60 J/TH). Noise 75dB.,"https://support.bitmain.com,https://www.asicminervalue.com/manufacturers/bitmain,https://d-central.tech,https://hashrateindex.com,https://www.asicminervalue.com/miners/antminer-t15-23th"
bitmain,Antminer S17 (53 TH),S17,S17/T17 Series,air,3,53.0,2385,45.0,BM1397AD/AI,7nm,2019-04-01,False,ASIC Miner Value: 53TH @ 2385W (45 J/TH). Noise 82dB.,"https://support.bitmain.com,https://www.asicminervalue.com/manufacturers/bitmain,https://d-central.tech,https://hashrateindex.com,https://www.asicminervalue.com/miners/antminer-s17-53th"
bitmain,Antminer S17 (56 TH),S17,S17/T17 Series,air,3,56.0,2520,45.0,BM1397AD/AI,7nm,2019-04-01,False,ASIC Miner Value: 56TH @ 2520W (45 J/TH). Noise 82dB.,"https://support.bitmain.com,https://www.asicminervalue.com/manufacturers/bitmain,https://d-central.tech,https://hashrateindex.com,https://www.asicminervalue.com/miners/antminer-s17-56th"
bitmain,Antminer S17 Pro (50 TH),S17 Pro,S17/T17 Series,air,3,50.0,1975,39.5,BM1397AD/AI,7nm,2019-04-01,False,Noise 82dB.,"https://support.bitmain.com,https://www.asicminervalue.com/manufacturers/bitmain,https://d-central.tech,https://hashrateindex.com,https://www.asicminervalue.com/miners/antminer-s17-pro-50th"
bitmain,Antminer S17 Pro (53 TH),S17 Pro,S17/T17 Series,air,3,53.0,2094,39.5,BM1397AD/AI,7nm,2019-04-01,False,,"https://support.bitmain.com,https://www.asicminervalue.com/manufacturers/bitmain,https://d-central.tech,https://hashrateindex.com"
bitmain,Antminer S17 Pro (56 TH),S17 Pro,S17/T17 Series,air,3,56.0,2212,39.5,BM1397AD/AI,7nm,2019-04-01,False,,"https://support.bitmain.com,https://www.asicminervalue.com/manufacturers/bitmain,https://d-central.tech,https://hashrateindex.com"
bitmain,Antminer S17e (64 TH),S17e,S17/T17 Series,air,3,64.0,2880,45.0,BM1396AB,7nm,2019-11-01,False,Noise 75dB.,"https://support.bitmain.com,https://www.asicminervalue.com/manufacturers/bitmain,https://d-central.tech,https://hashrateindex.com,https://www.asicminervalue.com/miners/antminer-s17e-64th"
bitmain,Antminer S17+ (73 TH),S17+,S17/T17 Series,air,3,73.0,2920,40.0,BM1397AF/AH,7nm,2019-12-01,False,Noise 75dB.,"https://support.bitmain.com,https://www.asicminervalue.com/manufacturers/bitmain,https://d-central.tech,https://hashrateindex.com,https://www.asicminervalue.com/miners/antminer-s17-73th"
bitmain,Antminer T17 (40 TH),T17,S17/T17 Series,air,3,40.0,2200,55.0,BM1397AD/AI,7nm,2019-04-01,False,Noise 75dB.,"https://support.bitmain.com,https://www.asicminervalue.com/manufacturers/bitmain,https://d-central.tech,https://hashrateindex.com,https://www.asicminervalue.com/miners/antminer-t17-40th"
bitmain,Antminer T17e (53 TH),T17e,S17/T17 Series,air,3,53.0,2915,55.0,BM1396AB,7nm,2019-11-01,False,Noise 75dB.,"https://support.bitmain.com,https://www.asicminervalue.com/manufacturers/bitmain,https://d-central.tech,https://hashrateindex.com,https://www.asicminervalue.com/miners/antminer-t17e-53th"
bitmain,Antminer T17+ (58 TH),T17+,S17/T17 Series,air,3,58.0,2920,50.0,BM1397AG/AH,7nm,2019-12-01,False,,"https://support.bitmain.com,https://www.asicminervalue.com/manufacturers/bitmain,https://d-central.tech,https://hashrateindex.com"
bitmain,Antminer T17+ (61 TH),T17+,S17/T17 Series,air,3,61.0,3050,50.0,BM1397AG/AH,7nm,2019-12-01,False,,"https://support.bitmain.com,https://www.asicminervalue.com/manufacturers/bitmain,https://d-central.tech,https://hashrateindex.com"
bitmain,Antminer T17+ (64 TH),T17+,S17/T17 Series,air,3,64.0,3200,50.0,BM1397AG/AH,7nm,2019-12-01,False,Noise 75dB.,"https://support.bitmain.com,https://www.asicminervalue.com/manufacturers/bitmain,https://d-central.tech,https://hashrateindex.com,https://www.asicminervalue.com/miners/antminer-t17-64th"
bitmain,Antminer S19 (84 TH),S19,S19 Series,air,3,84.0,2478,29.5,BM1398BB,7nm,2020-05-01,False,,"https://support.bitmain.com,https://www.asicminervalue.com/manufacturers/bitmain,https://d-central.tech,https://hashrateindex.com"
bitmain,Antminer S19 (90 TH),S19,S19 Series,air,3,90.0,2655,29.5,BM1398BB,7nm,2020-05-01,False,,"https://support.bitmain.com,https://www.asicminervalue.com/manufacturers/bitmain,https://d-central.tech,https://hashrateindex.com"
bitmain,Antminer S19 (95 TH),S19,S19 Series,air,3,95.0,3250,34.21,BM1398BB,7nm,2020-05-01,False,Noise 75dB.,"https://support.bitmain.com,https://www.asicminervalue.com/manufacturers/bitmain,https://d-central.tech,https://hashrateindex.com,https://www.asicminervalue.com/miners/antminer-s19-95th"
bitmain,Antminer S19 Pro (100 TH),S19 Pro,S19 Series,air,3,100.0,2950,29.5,BM1398BB,7nm,2020-05-01,False,,"https://support.bitmain.com,https://www.asicminervalue.com/manufacturers/bitmain,https://d-central.tech,https://hashrateindex.com"
bitmain,Antminer S19 Pro (105 TH),S19 Pro,S19 Series,air,3,105.0,3098,29.5,BM1398BB,7nm,2020-05-01,False,,"https://support.bitmain.com,https://www.asicminervalue.com/manufacturers/bitmain,https://d-central.tech,https://hashrateindex.com"
bitmain,Antminer S19 Pro (110 TH),S19 Pro,S19 Series,air,3,110.0,3250,29.55,BM1398BB,7nm,2020-05-01,False,Noise 75dB.,"https://support.bitmain.com,https://www.asicminervalue.com/manufacturers/bitmain,https://d-central.tech,https://hashrateindex.com,https://www.asicminervalue.com/miners/antminer-s19-pro-110th"
bitmain,Antminer T19 (84 TH),T19,S19 Series,air,3,84.0,3150,37.5,BM1398BB,7nm,2020-06-01,False,Noise 75dB.,"https://support.bitmain.com,https://www.asicminervalue.com/manufacturers/bitmain,https://d-central.tech,https://hashrateindex.com,https://www.asicminervalue.com/miners/antminer-t19-84th"
bitmain,Antminer T19 (88 TH),T19,S19 Series,air,3,88.0,3344,38.0,BM1398BB,7nm,2021-08-01,False,Noise 75dB.,"https://support.bitmain.com,https://www.asicminervalue.com/manufacturers/bitmain,https://d-central.tech,https://hashrateindex.com,https://www.asicminervalue.com/miners/antminer-t19-88th"
bitmain,Antminer S19j (90 TH),S19j,S19 Series,air,3,90.0,3250,36.11,BM1362AA/AJ,7nm,2021-06-01,False,Noise 75dB.,"https://support.bitmain.com,https://www.asicminervalue.com/manufacturers/bitmain,https://d-central.tech,https://hashrateindex.com,https://www.asicminervalue.com/miners/antminer-s19j-90th"
bitmain,Antminer S19a (90 TH),S19a,S19 Series,air,3,90.0,3250,36.1,BM1398AC,7nm,2021-08-01,False,,"https://support.bitmain.com,https://www.asicminervalue.com/manufacturers/bitmain,https://d-central.tech,https://hashrateindex.com"
bitmain,Antminer S19j Pro (84 TH),S19j Pro,S19 Series,air,3,84.0,2478,29.5,BM1362AA/AJ,7nm,2021-08-01,False,,"https://support.bitmain.com,https://www.asicminervalue.com/manufacturers/bitmain,https://d-central.tech,https://hashrateindex.com"
bitmain,Antminer S19j Pro (88 TH),S19j Pro,S19 Series,air,3,88.0,2596,29.5,BM1362AA/AJ,7nm,2021-08-01,False,,"https://support.bitmain.com,https://www.asicminervalue.com/manufacturers/bitmain,https://d-central.tech,https://hashrateindex.com"
bitmain,Antminer S19j Pro (92 TH),S19j Pro,S19 Series,air,3,92.0,2714,29.5,BM1362AA/AJ,7nm,2021-08-01,False,,"https://support.bitmain.com,https://www.asicminervalue.com/manufacturers/bitmain,https://d-central.tech,https://hashrateindex.com"
bitmain,Antminer S19j Pro (96 TH),S19j Pro,S19 Series,air,3,96.0,2832,29.5,BM1362AA/AJ,7nm,2021-08-01,False,Noise 75dB.,"https://support.bitmain.com,https://www.asicminervalue.com/manufacturers/bitmain,https://d-central.tech,https://hashrateindex.com,https://www.asicminervalue.com/miners/antminer-s19j-pro-96th"
bitmain,Antminer S19j Pro (100 TH),S19j Pro,S19 Series,air,3,100.0,3050,30.5,BM1362AA/AJ,7nm,2021-06-01,False,ASIC Miner Value: 100TH @ 3050W (30.5 J/TH). Noise 75dB.,"https://support.bitmain.com,https://www.asicminervalue.com/manufacturers/bitmain,https://d-central.tech,https://hashrateindex.com,https://www.asicminervalue.com/miners/antminer-s19j-pro-100th"
bitmain,Antminer S19j Pro (104 TH),S19j Pro,S19 Series,air,3,104.0,3068,29.5,BM1362AA/AJ,7nm,2021-07-01,False,Noise 75dB.,"https://support.bitmain.com,https://www.asicminervalue.com/manufacturers/bitmain,https://d-central.tech,https://hashrateindex.com,https://www.asicminervalue.com/miners/antminer-s19j-pro-104th"
bitmain,Antminer S19a Pro (104 TH),S19a Pro,S19 Series,air,3,104.0,3068,29.5,BM1398AD,7nm,2021-08-01,False,,"https://support.bitmain.com,https://www.asicminervalue.com/manufacturers/bitmain,https://d-central.tech,https://hashrateindex.com"
bitmain,Antminer S19al (90 TH),S19al,S19 Series,air,3,90.0,3250,36.1,BM1362AJ,7nm,2021-01-01,False,al = alternative/low-cost binning.,"https://support.bitmain.com,https://www.asicminervalue.com/manufacturers/bitmain,https://d-central.tech,https://hashrateindex.com"
bitmain,Antminer S19i (90 TH),S19i,S19 Series,air,3,90.0,2970,33.0,BM1360BB,7nm,2021-01-01,False,i = improved; uses BM1360BB chip.,"https://support.bitmain.com,https://www.asicminervalue.com/manufacturers/bitmain,https://d-central.tech,https://hashrateindex.com"
bitmain,Antminer S19 Pro+ (120 TH),S19 Pro+,S19 Series,air,3,120.0,3360,28.0,BM1362AK,7nm,2022-04-01,False,,"https://support.bitmain.com,https://www.asicminervalue.com/manufacturers/bitmain,https://d-central.tech,https://hashrateindex.com"
bitmain,Antminer S19 XP (134 TH),S19 XP,S19 XP Series,air,3,134.0,2882,21.5,BM1366AL/AG,5nm,2022-07-01,False,First 5nm air-cooled Antminer.,"https://support.bitmain.com,https://www.asicminervalue.com/manufacturers/bitmain,https://d-central.tech,https://hashrateindex.com"
bitmain,Antminer S19 XP (140 TH),S19 XP,S19 XP Series,air,3,140.0,3010,21.5,BM1366AL/AG,5nm,2022-07-01,False,Noise 75dB.,"https://support.bitmain.com,https://www.asicminervalue.com/manufacturers/bitmain,https://d-central.tech,https://hashrateindex.com,https://www.asicminervalue.com/miners/antminer-s19-xp-140th"
bitmain,Antminer S19j Pro+ (109 TH),S19j Pro+,S19 Series,air,3,109.0,2998,27.5,BM1362BD,7nm,2022-12-01,False,,"https://support.bitmain.com,https://www.asicminervalue.com/manufacturers/bitmain,https://d-central.tech,https://hashrateindex.com"
bitmain,Antminer S19j Pro+ (113 TH),S19j Pro+,S19 Series,air,3,113.0,3108,27.5,BM1362BD,7nm,2022-12-01,False,,"https://support.bitmain.com,https://www.asicminervalue.com/manufacturers/bitmain,https://d-central.tech,https://hashrateindex.com"
bitmain,Antminer S19j Pro+ (117 TH),S19j Pro+,S19 Series,air,3,117.0,3218,27.5,BM1362BD,7nm,2022-12-01,False,,"https://support.bitmain.com,https://www.asicminervalue.com/manufacturers/bitmain,https://d-central.tech,https://hashrateindex.com"
bitmain,Antminer S19j Pro+ (120 TH),S19j Pro+,S19 Series,air,3,120.0,3300,27.5,BM1362BD,7nm,2022-12-01,False,,"https://support.bitmain.com,https://www.asicminervalue.com/manufacturers/bitmain,https://d-central.tech,https://hashrateindex.com"
bitmain,Antminer S19j Pro++ (122 TH),S19j Pro++,S19 Series,air,3,122.0,3355,27.5,BM1362BD,7nm,2022-12-01,False,Noise 75dB.,"https://support.bitmain.com,https://www.asicminervalue.com/manufacturers/bitmain,https://d-central.tech,https://hashrateindex.com,https://www.asicminervalue.com/miners/antminer-s19j-pro-122th"
bitmain,Antminer S19k Pro (120 TH),S19k Pro,S19 Series,air,3,120.0,2760,23.0,BM1366BS/BP/AH,5nm,2023-10-01,False,Noise 75dB.,"https://support.bitmain.com,https://www.asicminervalue.com/manufacturers/bitmain,https://d-central.tech,https://hashrateindex.com,https://www.asicminervalue.com/miners/antminer-s19k-pro-120th"
bitmain,Antminer S19j XP (151 TH),S19j XP,S19 XP Series,air,3,151.0,3247,21.5,BM1366AL/AG,5nm,2023-06-01,False,Noise 75dB.,"https://support.bitmain.com,https://www.asicminervalue.com/manufacturers/bitmain,https://d-central.tech,https://hashrateindex.com,https://www.asicminervalue.com/miners/antminer-s19j-xp-151th"
bitmain,Antminer S19 Pro++ (115 TH),S19 Pro++,S19 Series,air,3,115.0,2990,26.0,BM1366,5nm,2024-08-01,False,2024 refresh using BM1366 in older S19 chassis.,"https://support.bitmain.com,https://www.asicminervalue.com/manufacturers/bitmain,https://d-central.tech,https://hashrateindex.com"
bitmain,Antminer S19 Pro++ (120 TH),S19 Pro++,S19 Series,air,3,120.0,3120,26.0,BM1366,5nm,2024-08-01,False,,"https://support.bitmain.com,https://www.asicminervalue.com/manufacturers/bitmain,https://d-central.tech,https://hashrateindex.com"
bitmain,Antminer S19 Pro++ (125 TH),S19 Pro++,S19 Series,air,3,125.0,3250,26.0,BM1366,5nm,2024-08-01,False,Noise 75dB.,"https://support.bitmain.com,https://www.asicminervalue.com/manufacturers/bitmain,https://d-central.tech,https://hashrateindex.com,https://www.asicminervalue.com/miners/antminer-s19-pro-plus-plus"
bitmain,Antminer S19 Pro-A (100 TH),S19 Pro-A,S19 Series,air,3,100.0,2950,29.5,BM1398AD,7nm,2024-10-01,False,Regional/batch variant.,"https://support.bitmain.com,https://www.asicminervalue.com/manufacturers/bitmain,https://d-central.tech,https://hashrateindex.com"
bitmain,Antminer S19 Pro+ Hydro (198 TH),S19 Pro+ Hydro,S19 Series,hydro,3,198.0,5445,27.5,BM1362AK/AI,7nm,2022-05-01,False,Noise 50dB.,"https://support.bitmain.com,https://www.asicminervalue.com/manufacturers/bitmain,https://d-central.tech,https://hashrateindex.com,https://www.asicminervalue.com/miners/antminer-s19-pro-hyd-198th"
bitmain,Antminer S19 Hydro (158 TH),S19 Hydro,S19 Series,hydro,3,158.0,5451,34.5,BM1398BB,7nm,2022-10-01,False,Noise 50dB.,"https://support.bitmain.com,https://www.asicminervalue.com/manufacturers/bitmain,https://d-central.tech,https://hashrateindex.com,https://www.asicminervalue.com/miners/antminer-s19-hydro-158th"
bitmain,Antminer T19 Hydro (145 TH),T19 Hydro,S19 Series,hydro,3,145.0,5438,37.5,BM1398BB,7nm,2022-10-01,False,Noise 50dB.,"https://support.bitmain.com,https://www.asicminervalue.com/manufacturers/bitmain,https://d-central.tech,https://hashrateindex.com,https://www.asicminervalue.com/miners/antminer-t19-hydro-145th"
bitmain,Antminer S19 XP Hydro (255 TH),S19 XP Hydro,S19 XP Series,hydro,3,255.0,5304,20.8,BM1366AL/AG,5nm,2022-10-01,False,,"https://support.bitmain.com,https://www.asicminervalue.com/manufacturers/bitmain,https://d-central.tech,https://hashrateindex.com"
bitmain,Antminer S19 XP Hydro (257 TH),S19 XP Hydro,S19 XP Series,hydro,3,257.0,5346,20.8,BM1366AL/AG,5nm,2024-01-01,False,Noise 50dB.,"https://support.bitmain.com,https://www.asicminervalue.com/manufacturers/bitmain,https://d-central.tech,https://hashrateindex.com,https://www.asicminervalue.com/miners/antminer-s19-xp-hyd-257th"
bitmain,Antminer S19 Pro+ Hyd (191 TH),S19 Pro+ Hyd,S19 Series,hydro,3,191.0,5252,27.5,BM1362AK,7nm,2024-01-01,False,,"https://support.bitmain.com,https://www.asicminervalue.com/manufacturers/bitmain,https://d-central.tech,https://hashrateindex.com"
bitmain,Antminer S19 XP Hydro (512 TH),S19 XP Hydro,S19 XP Series,hydro,3,512.0,10600,20.7,BM1366AL/AG,5nm,2025-01-01,False,Rack-scale dual-unit config. Noise 50dB.,"https://support.bitmain.com,https://www.asicminervalue.com/manufacturers/bitmain,https://d-central.tech,https://hashrateindex.com,https://www.asicminervalue.com/miners/antminer-s219-xp-hydro-512th"
bitmain,Antminer S19 XP+ Hyd (279 TH),S19 XP+ Hyd,S19 XP Series,hydro,3,279.0,5301,19.0,BM1366AL/AG,5nm,2025-01-01,False,Noise 50dB.,"https://support.bitmain.com,https://www.asicminervalue.com/manufacturers/bitmain,https://d-central.tech,https://hashrateindex.com,https://www.asicminervalue.com/miners/antminer-s19-xp-plus-hyd-279th"
bitmain,Antminer S19 XP+ Hyd (293 TH),S19 XP+ Hyd,S19 XP Series,hydro,3,293.0,5567,19.0,BM1366AL/AG,5nm,2025-04-01,False,Noise 50dB.,"https://support.bitmain.com,https://www.asicminervalue.com/manufacturers/bitmain,https://d-central.tech,https://hashrateindex.com,https://www.asicminervalue.com/miners/antminer-s19-xp-plus-hyd-293th"
bitmain,Antminer S19 Pro Hyd (177 TH),S19 Pro Hyd,S19 Series,hydro,3,177.0,5221,29.5,BM1398BB,7nm,2023-01-01,False,Noise 50dB.,"https://support.bitmain.com,https://www.asicminervalue.com/manufacturers/bitmain,https://d-central.tech,https://hashrateindex.com,https://www.asicminervalue.com/miners/antminer-s19-pro-hyd-177th"
bitmain,Antminer T19 Pro Hyd (235 TH),T19 Pro Hyd,S19 Series,hydro,3,235.0,5170,22.0,BM1398BB,7nm,2024-02-01,False,Noise 30dB.,"https://support.bitmain.com,https://www.asicminervalue.com/manufacturers/bitmain,https://d-central.tech,https://hashrateindex.com,https://www.asicminervalue.com/miners/antminer-t19-pro-hyd-235th"
bitmain,Antminer S19 Hydro (158 TH) [T19 variant],T19 Hydro,S19 Series,hydro,3,158.0,5451,34.5,BM1398BB,7nm,2022-10-01,False,"Note: ASIC Miner Value lists T19 Hydro 158TH as separate from S19 Hydro 158TH (different model label, same specs).","https://support.bitmain.com,https://www.asicminervalue.com/manufacturers/bitmain,https://d-central.tech,https://hashrateindex.com,https://www.asicminervalue.com/miners/antminer-t19-hydro-158th"
bitmain,Antminer S21 (200 TH),S21,S21 Series,air,3,200.0,3550,17.75,BM1368PA/PB,5nm,2024-02-01,True,ASIC Miner Value: 200TH @ 3550W (17.75 J/TH). Deep dive: 3500W. Noise 75dB.,"https://support.bitmain.com,https://www.asicminervalue.com/manufacturers/bitmain,https://d-central.tech,https://hashrateindex.com,https://www.asicminervalue.com/miners/antminer-s21-200th"
bitmain,Antminer S21 Pro (234 TH),S21 Pro,S21 Series,air,3,234.0,3510,15.0,BM1370BC/AA,5nm,2024-07-01,True,Noise 75dB.,"https://support.bitmain.com,https://www.asicminervalue.com/manufacturers/bitmain,https://d-central.tech,https://hashrateindex.com,https://www.asicminervalue.com/miners/antminer-s21-pro-234th"
bitmain,Antminer S21 Pro (245 TH),S21 Pro,S21 Series,air,3,245.0,3675,15.0,BM1370BC/AA,5nm,2025-11-01,True,Noise 75dB.,"https://support.bitmain.com,https://www.asicminervalue.com/manufacturers/bitmain,https://d-central.tech,https://hashrateindex.com,https://www.asicminervalue.com/miners/antminer-s21-pro-245th"
bitmain,Antminer S21 XP (270 TH),S21 XP,S21 Series,air,3,270.0,3645,13.5,BM1370BC/AA,5nm,2024-09-01,True,Noise 75dB.,"https://support.bitmain.com,https://www.asicminervalue.com/manufacturers/bitmain,https://d-central.tech,https://hashrateindex.com,https://www.asicminervalue.com/miners/antmine-s21-xp-270th"
bitmain,Antminer T21 (190 TH — NEM),T21,S21 Series,air,3,190.0,3610,19.0,BM1368PA/PB,5nm,2024-02-01,True,Normal Energy Mode (NEM). Noise 75dB.,"https://support.bitmain.com,https://www.asicminervalue.com/manufacturers/bitmain,https://d-central.tech,https://hashrateindex.com,https://www.asicminervalue.com/miners/antminer-t21-190th"
bitmain,Antminer T21 (180 TH),T21,S21 Series,air,3,180.0,3420,19.0,BM1368PA/PB,5nm,2024-04-01,True,Noise 55dB.,"https://support.bitmain.com,https://www.asicminervalue.com/manufacturers/bitmain,https://d-central.tech,https://hashrateindex.com,https://www.asicminervalue.com/miners/antminer-t21-180th"
bitmain,Antminer T21 (233 TH — HEM),T21,S21 Series,air,3,233.0,5126,22.0,BM1368PA/PB,5nm,2024-02-01,True,High Energy Mode (HEM). Same hardware as NEM but different firmware config.,"https://support.bitmain.com,https://www.asicminervalue.com/manufacturers/bitmain,https://d-central.tech,https://hashrateindex.com"
bitmain,Antminer S21+ (216 TH),S21+,S21 Series,air,3,216.0,3564,16.5,BM1368PA/PB,5nm,2025-02-01,True,Noise 75dB.,"https://support.bitmain.com,https://www.asicminervalue.com/manufacturers/bitmain,https://d-central.tech,https://hashrateindex.com,https://www.asicminervalue.com/miners/antminer-s21-plus-216th"
bitmain,Antminer S21+ (225 TH),S21+,S21 Series,air,3,225.0,3712,16.5,BM1368PA/PB,5nm,2025-06-01,True,Noise 75dB.,"https://support.bitmain.com,https://www.asicminervalue.com/manufacturers/bitmain,https://d-central.tech,https://hashrateindex.com,https://www.asicminervalue.com/miners/antminer-s21-plus-225th"
bitmain,Antminer S21+ (235 TH),S21+,S21 Series,air,3,235.0,3877,16.5,BM1368PA/PB,5nm,2025-06-01,True,Noise 75dB.,"https://support.bitmain.com,https://www.asicminervalue.com/manufacturers/bitmain,https://d-central.tech,https://hashrateindex.com,https://www.asicminervalue.com/miners/antminer-s21-plus-235th"
bitmain,Antminer S21 XP Immersion (300 TH),S21 XP Immersion,S21 Series,immersion,3,300.0,4050,13.5,BM1370BC/AA,5nm,2024-09-01,True,Noise 50dB.,"https://support.bitmain.com,https://www.asicminervalue.com/manufacturers/bitmain,https://d-central.tech,https://hashrateindex.com,https://www.asicminervalue.com/miners/antminer-s21-xp-immersion-300th"
bitmain,Antminer S21 Hyd (335 TH),S21 Hyd,S21 Series,hydro,3,335.0,5360,16.0,BM1368PA/PB,5nm,2024-02-01,True,Noise 50dB.,"https://support.bitmain.com,https://www.asicminervalue.com/manufacturers/bitmain,https://d-central.tech,https://hashrateindex.com,https://www.asicminervalue.com/miners/antminer-s21-hyd-335th"
bitmain,Antminer S21+ Hyd (335 TH),S21+ Hyd,S21 Series,hydro,3,335.0,5360,16.0,BM1368PA/PB,5nm,2024-03-01,True,Revised hydro variant of S21 Hyd.,"https://support.bitmain.com,https://www.asicminervalue.com/manufacturers/bitmain,https://d-central.tech,https://hashrateindex.com"
bitmain,Antminer S21+ Hyd (319 TH),S21+ Hyd,S21 Series,hydro,3,319.0,4785,15.0,BM1368PA/PB,5nm,2025-02-01,True,Noise 50dB.,"https://support.bitmain.com,https://www.asicminervalue.com/manufacturers/bitmain,https://d-central.tech,https://hashrateindex.com,https://www.asicminervalue.com/miners/antminer-s21-plus-hyd-319th"
bitmain,Antminer S21+ Hyd (358 TH),S21+ Hyd,S21 Series,hydro,3,358.0,5370,15.0,BM1368PA/PB,5nm,2025-08-01,True,Noise 50dB.,"https://support.bitmain.com,https://www.asicminervalue.com/manufacturers/bitmain,https://d-central.tech,https://hashrateindex.com,https://www.asicminervalue.com/miners/antminer-s21-plus-hyd-358th"
bitmain,Antminer S21 XP Hyd (473 TH),S21 XP Hyd,S21 Series,hydro,3,473.0,5676,12.0,BM1370BC/AA,5nm,2024-10-01,True,Noise 50dB.,"https://support.bitmain.com,https://www.asicminervalue.com/manufacturers/bitmain,https://d-central.tech,https://hashrateindex.com,https://www.asicminervalue.com/miners/antminer-s21-xp-hyd-473th"
bitmain,Antminer S21 XP+ Hyd (500 TH),S21 XP+ Hyd,S21 Series,hydro,3,500.0,5500,11.0,BM1370BC/AA,5nm,2025-07-01,True,Noise 50dB.,"https://support.bitmain.com,https://www.asicminervalue.com/manufacturers/bitmain,https://d-central.tech,https://hashrateindex.com,https://www.asicminervalue.com/miners/antminer-s21-xp-plus-hyd-500th"
bitmain,Antminer S21e XP Hyd (430 TH),S21e XP Hyd,S21 Series,hydro,3,430.0,5590,13.0,BM1370BC/AA,5nm,2024-11-01,True,Enterprise single-unit hydro. Noise 50dB.,"https://support.bitmain.com,https://www.asicminervalue.com/manufacturers/bitmain,https://d-central.tech,https://hashrateindex.com,https://www.asicminervalue.com/miners/antminer-s21e-xp-hyd-430th"
bitmain,Antminer S21e XP Hyd 3U (860 TH),S21e XP Hyd 3U,S21 Series,hydro,9,860.0,11180,13.0,BM1370BC/AA,5nm,2025-01-01,True,3U rack form factor (3 hashboard sets). Noise 50dB.,"https://support.bitmain.com,https://www.asicminervalue.com/manufacturers/bitmain,https://d-central.tech,https://hashrateindex.com,https://www.asicminervalue.com/miners/antminer-s21e-xp-hydro-860th"
bitmain,Antminer S21e Hyd (288 TH),S21e Hyd,S21 Series,hydro,3,288.0,4896,17.0,BM1368PA/PB,5nm,2025-04-01,True,Noise 50dB.,"https://support.bitmain.com,https://www.asicminervalue.com/manufacturers/bitmain,https://d-central.tech,https://hashrateindex.com,https://www.asicminervalue.com/miners/antminer-s21e-hyd-288th"
bitmain,Antminer S21e Hyd (310 TH),S21e Hyd,S21 Series,hydro,3,310.0,5270,17.0,BM1368PA/PB,5nm,2025-08-01,True,Noise 50dB.,"https://support.bitmain.com,https://www.asicminervalue.com/manufacturers/bitmain,https://d-central.tech,https://hashrateindex.com,https://www.asicminervalue.com/miners/antminer-s21e-hyd-310th"
bitmain,Antminer S21j XP Hyd (495 TH),S21j XP Hyd,S21 Series,hydro,3,495.0,5940,12.0,BM1370BC/AA,5nm,2026-03-01,True,j-bin hydro variant. Noise 50dB.,"https://support.bitmain.com,https://www.asicminervalue.com/manufacturers/bitmain,https://d-central.tech,https://hashrateindex.com,https://www.asicminervalue.com/miners/antminer-s21j-xp-hyd-495th"
bitmain,Antminer S21 Immersion (215-301 TH),S21 Immersion,S21 Series,immersion,3,258.0,4650,18.0,BM1368PM,5nm,2024-10-01,True,Range 215-301 TH at 16-18.5 J/TH. Midpoint shown. Nominal listed as 301TH @ 5569W by ASIC Miner Value (18.5 J/TH). Noise 50dB.,"https://support.bitmain.com,https://www.asicminervalue.com/manufacturers/bitmain,https://d-central.tech,https://hashrateindex.com,https://www.asicminervalue.com/miners/antminer-s21-immersion-301th"
bitmain,Antminer S23 (318 TH),S23,S23 Series,air,3,318.0,3498,11.0,BM1370 next-gen,~3nm,2026-01-01,True,Sub-10nm. Noise 75dB.,"https://support.bitmain.com,https://www.asicminervalue.com/manufacturers/bitmain,https://d-central.tech,https://hashrateindex.com,https://www.asicminervalue.com/miners/antminer-s23-318th"
bitmain,Antminer S23 Immersion (368-442 TH),S23 IMM,S23 Series,immersion,3,442.0,5304,12.0,BM1370 next-gen,~3nm,2026-01-01,True,Purpose-built immersion chassis (no fans). ASIC Miner Value: 442TH @ 5304W (12 J/TH). Range 368-442 TH. Noise 50dB.,"https://support.bitmain.com,https://www.asicminervalue.com/manufacturers/bitmain,https://d-central.tech,https://hashrateindex.com,https://www.asicminervalue.com/miners/antminer-s23-immersion-442th"
bitmain,Antminer S23 Hydro (580 TH),S23 Hyd,S23 Series,hydro,3,580.0,5510,9.5,BM1370 next-gen,~3nm,2026-01-01,True,Noise 50dB.,"https://support.bitmain.com,https://www.asicminervalue.com/manufacturers/bitmain,https://d-central.tech,https://hashrateindex.com,https://www.asicminervalue.com/miners/antminer-s23-hyd-580th"
bitmain,Antminer S23 Hydro 3U (1160 TH),S23 Hyd 3U,S23 Series,hydro,9,1160.0,11020,9.5,BM1370 next-gen,~3nm,2026-01-01,True,3U rack form factor. Noise 50dB.,"https://support.bitmain.com,https://www.asicminervalue.com/manufacturers/bitmain,https://d-central.tech,https://hashrateindex.com,https://www.asicminervalue.com/miners/antminer-s23-hydro-u3-1160th"
bitmain,Antminer S23e Hyd 2U (865 TH),S23e Hyd 2U,S23 Series,hydro,6,865.0,8650,10.0,BM1370 next-gen,~3nm,2026-04-01,True,2U enterprise hydro rack form. Noise 50dB.,"https://support.bitmain.com,https://www.asicminervalue.com/manufacturers/bitmain,https://d-central.tech,https://hashrateindex.com,https://www.asicminervalue.com/miners/antminer-s23e-hyd-u2h-865th"
microbt,Whatsminer M1,M1,M1/M3 Series,air,3,12.0,2000,166.67,SMTI 1700,28nm,2018-03-01,False,,"https://shop.whatsminer.com,https://www.asicminervalue.com/manufacturers/microbt,https://hashrateindex.com,https://d-central.tech"
microbt,Whatsminer M3,M3,M1/M3 Series,air,3,12.0,2000,166.67,SMTI 1700,28nm,2018-01-01,False,Noise 78dB.,"https://shop.whatsminer.com,https://www.asicminervalue.com/manufacturers/microbt,https://hashrateindex.com,https://d-central.tech,https://www.asicminervalue.com/miners/whatsminer-m3"
microbt,Whatsminer M3X,M3X,M1/M3 Series,air,3,12.5,2050,164.0,SMTI 1700,28nm,2018-03-01,False,Noise 78dB.,"https://shop.whatsminer.com,https://www.asicminervalue.com/manufacturers/microbt,https://hashrateindex.com,https://d-central.tech,https://www.asicminervalue.com/miners/whatsminer-m3x"
microbt,Whatsminer M10,M10,M10 Series,air,3,33.0,2145,65.0,—,16nm,2018-09-01,False,Noise 75dB.,"https://shop.whatsminer.com,https://www.asicminervalue.com/manufacturers/microbt,https://hashrateindex.com,https://d-central.tech,https://www.asicminervalue.com/miners/whatsminer-m10"
microbt,Whatsminer M10S (55 TH),M10S,M10 Series,air,3,55.0,3500,63.64,—,16nm,2018-09-01,False,Noise 75dB.,"https://shop.whatsminer.com,https://www.asicminervalue.com/manufacturers/microbt,https://hashrateindex.com,https://d-central.tech,https://www.asicminervalue.com/miners/whatsminer-m10s"
microbt,Whatsminer M20S (65 TH),M20S,M20 Series,air,3,65.0,3120,48.0,KF1921/Samsung,12nm,2019-08-01,False,,"https://shop.whatsminer.com,https://www.asicminervalue.com/manufacturers/microbt,https://hashrateindex.com,https://d-central.tech"
microbt,Whatsminer M20S (68 TH),M20S,M20 Series,air,3,68.0,3360,49.41,KF1921/Samsung,12nm,2019-08-01,False,Noise 75dB.,"https://shop.whatsminer.com,https://www.asicminervalue.com/manufacturers/microbt,https://hashrateindex.com,https://d-central.tech,https://www.asicminervalue.com/miners/whatsminer-m20s"
microbt,Whatsminer M20S (70 TH),M20S,M20 Series,air,3,70.0,3360,48.0,KF1921/Samsung,12nm,2019-08-01,False,,"https://shop.whatsminer.com,https://www.asicminervalue.com/manufacturers/microbt,https://hashrateindex.com,https://d-central.tech"
microbt,Whatsminer M20S+,M20S+,M20 Series,air,3,72.0,3360,46.67,Samsung,10nm,2019-01-01,False,,"https://shop.whatsminer.com,https://www.asicminervalue.com/manufacturers/microbt,https://hashrateindex.com,https://d-central.tech"
microbt,Whatsminer M21,M21,M21 Series,air,3,31.0,1860,60.0,Samsung,12nm,2019-08-01,False,Noise 75dB.,"https://shop.whatsminer.com,https://www.asicminervalue.com/manufacturers/microbt,https://hashrateindex.com,https://d-central.tech,https://www.asicminervalue.com/miners/whatsminer-m21"
microbt,Whatsminer M21S (56 TH),M21S,M21 Series,air,3,56.0,3360,60.0,Samsung,10nm,2019-06-01,False,Noise 75dB.,"https://shop.whatsminer.com,https://www.asicminervalue.com/manufacturers/microbt,https://hashrateindex.com,https://d-central.tech,https://www.asicminervalue.com/miners/whatsminer-m21s"
microbt,Whatsminer M21S (58 TH),M21S,M21 Series,air,3,58.0,3480,60.0,Samsung,10nm,2019-06-01,False,,"https://shop.whatsminer.com,https://www.asicminervalue.com/manufacturers/microbt,https://hashrateindex.com,https://d-central.tech"
microbt,Whatsminer M21S+,M21S+,M21 Series,air,3,58.0,3480,60.0,Samsung,10nm,2020-01-01,False,,"https://shop.whatsminer.com,https://www.asicminervalue.com/manufacturers/microbt,https://hashrateindex.com,https://d-central.tech"
microbt,Whatsminer M30S,M30S,M30 Series,air,3,86.0,3268,38.0,Samsung 8nm,8nm,2020-04-01,False,Noise 72dB.,"https://shop.whatsminer.com,https://www.asicminervalue.com/manufacturers/microbt,https://hashrateindex.com,https://d-central.tech,https://www.asicminervalue.com/miners/whatsminer-m30s"
microbt,Whatsminer M30S+,M30S+,M30 Series,air,3,100.0,3400,34.0,Samsung 8nm,8nm,2020-10-01,False,Noise 75dB.,"https://shop.whatsminer.com,https://www.asicminervalue.com/manufacturers/microbt,https://hashrateindex.com,https://d-central.tech,https://www.asicminervalue.com/miners/whatsminer-m30s-1"
microbt,Whatsminer M30S++,M30S++,M30 Series,air,3,112.0,3472,31.0,Samsung 8nm,8nm,2020-10-01,False,Noise 75dB.,"https://shop.whatsminer.com,https://www.asicminervalue.com/manufacturers/microbt,https://hashrateindex.com,https://d-central.tech,https://www.asicminervalue.com/miners/whatsminer-m30s-2"
microbt,Whatsminer M31S,M31S,M31 Series,air,3,74.0,3220,43.51,Samsung 8nm,8nm,2020-07-01,False,ASIC Miner Value: 76TH @ 3344W. Noise 75dB.,"https://shop.whatsminer.com,https://www.asicminervalue.com/manufacturers/microbt,https://hashrateindex.com,https://d-central.tech,https://www.asicminervalue.com/miners/whatsminer-m31s"
microbt,Whatsminer M31S+,M31S+,M31 Series,air,3,80.0,3360,42.0,Samsung 8nm,8nm,2020-07-01,False,Noise 70dB.,"https://shop.whatsminer.com,https://www.asicminervalue.com/manufacturers/microbt,https://hashrateindex.com,https://d-central.tech,https://www.asicminervalue.com/miners/whatsminer-m31s-1"
microbt,Whatsminer M32 (62 TH),M32,M32 Series,air,3,62.0,3348,54.0,Samsung 8nm,8nm,2020-07-01,False,ASIC Miner Value: 62TH @ 3456W. Noise 75dB.,"https://shop.whatsminer.com,https://www.asicminervalue.com/manufacturers/microbt,https://hashrateindex.com,https://d-central.tech,https://www.asicminervalue.com/miners/whatsminer-m32"
microbt,Whatsminer M32 (66 TH),M32,M32 Series,air,3,66.0,3432,52.0,Samsung 8nm,8nm,2020-11-01,False,,"https://shop.whatsminer.com,https://www.asicminervalue.com/manufacturers/microbt,https://hashrateindex.com,https://d-central.tech"
microbt,Whatsminer M32 (68 TH),M32,M32 Series,air,3,68.0,3400,50.0,Samsung 8nm,8nm,2020-11-01,False,,"https://shop.whatsminer.com,https://www.asicminervalue.com/manufacturers/microbt,https://hashrateindex.com,https://d-central.tech"
microbt,Whatsminer M32S,M32S,M32 Series,air,3,68.0,3472,51.06,Samsung 8nm,8nm,2021-01-01,False,ASIC Miner Value: 66TH @ 3432W (52 J/TH). Noise 75dB.,"https://shop.whatsminer.com,https://www.asicminervalue.com/manufacturers/microbt,https://hashrateindex.com,https://d-central.tech,https://www.asicminervalue.com/miners/whatsminer-m32s"
microbt,Whatsminer M33S (80 TH),M33S,M33 Series,air,3,80.0,3360,42.0,Samsung 7nm,7nm,2020-12-01,False,Noise 75dB. Listed in ASIC Miner Value; air-cooled variant separate from M33S++ hydro.,"https://shop.whatsminer.com,https://www.asicminervalue.com/manufacturers/microbt,https://hashrateindex.com,https://d-central.tech,https://www.asicminervalue.com/miners/whatsminer-m33s"
microbt,Whatsminer M33S++,M33S++,M33 Series,hydro,4,242.0,7260,30.0,Samsung 7nm,7nm,2022-12-01,False,4U Blade; 3-phase AC380V. Hydro-cooled derivative of M30 gen.,"https://shop.whatsminer.com,https://www.asicminervalue.com/manufacturers/microbt,https://hashrateindex.com,https://d-central.tech,https://www.cryptominerbros.com/product/microbt-whatsminer-m33s-hydro-bitcoin-miner/"
microbt,Whatsminer M36S (62 TH),M36S,M36 Series,air,3,62.0,3456,55.74,Samsung 8nm,8nm,2020-07-01,False,Noise 75dB. Listed in ASIC Miner Value as separate from M36S+/++ immersion.,"https://shop.whatsminer.com,https://www.asicminervalue.com/manufacturers/microbt,https://hashrateindex.com,https://d-central.tech,https://www.asicminervalue.com/miners/whatsminer-m36s"
microbt,Whatsminer M36S+,M36S+,M36 Series,immersion,3,127.0,3306,26.03,Samsung 8nm,8nm,2022-01-01,False,Slim immersion form. Range 124-130 TH at 26-27 J/TH. Midpoint shown.,"https://shop.whatsminer.com,https://www.asicminervalue.com/manufacturers/microbt,https://hashrateindex.com,https://d-central.tech"
microbt,Whatsminer M36S++,M36S++,M36 Series,immersion,3,167.0,5166,30.93,Samsung 8nm,8nm,2023-05-01,False,Slim immersion. Range 162-172 TH. Midpoint shown.,"https://shop.whatsminer.com,https://www.asicminervalue.com/manufacturers/microbt,https://hashrateindex.com,https://d-central.tech"
microbt,Whatsminer M50 (114 TH),M50,M50 Series,air,3,114.0,3306,29.0,Samsung 5nm,5nm,2022-07-01,False,Noise 75dB.,"https://shop.whatsminer.com,https://www.asicminervalue.com/manufacturers/microbt,https://hashrateindex.com,https://d-central.tech,https://www.asicminervalue.com/miners/whatsminer-m50"
microbt,Whatsminer M50S (126 TH),M50S,M50 Series,air,3,126.0,3276,26.0,Samsung 5nm,5nm,2022-07-01,False,ASIC Miner Value: 128TH @ 3276W (25.59 J/TH). Noise 75dB.,"https://shop.whatsminer.com,https://www.asicminervalue.com/manufacturers/microbt,https://hashrateindex.com,https://d-central.tech,https://www.asicminervalue.com/miners/whatsminer-m50s"
microbt,Whatsminer M50S+ (136-148 TH),M50S+,M50 Series,air,3,142.0,3405,23.98,Samsung 5nm,5nm,2023-01-01,False,Range 136-148 TH. Midpoint shown.,"https://shop.whatsminer.com,https://www.asicminervalue.com/manufacturers/microbt,https://hashrateindex.com,https://d-central.tech"
microbt,Whatsminer M50S++ (150-162 TH),M50S++,M50 Series,air,3,156.0,3265,20.93,Samsung 5nm,5nm,2023-01-01,False,Range 150-162 TH at 21-23 J/TH. Midpoint shown.,"https://shop.whatsminer.com,https://www.asicminervalue.com/manufacturers/microbt,https://hashrateindex.com,https://d-central.tech"
microbt,Whatsminer M53 (230 TH),M53,M53 Series,hydro,4,230.0,6670,29.0,Samsung 5nm,5nm,2023-05-01,False,"4U Blade. ASIC Miner Value: 260TH @ 6760W, 26 J/TH (immersion). Hydro per deep dive. Noise 45dB.","https://shop.whatsminer.com,https://www.asicminervalue.com/manufacturers/microbt,https://hashrateindex.com,https://d-central.tech,https://asicmarketplace.com/product/microbt-whatsminer-m53-m53s-hydro-btc-miner/"
microbt,Whatsminer M53S (260 TH),M53S,M53 Series,hydro,4,260.0,6760,26.0,Samsung 5nm,5nm,2023-05-01,False,4U Blade. Noise 45dB.,"https://shop.whatsminer.com,https://www.asicminervalue.com/manufacturers/microbt,https://hashrateindex.com,https://d-central.tech,https://www.asicminervalue.com/miners/whatsminer-m53s"
microbt,Whatsminer M53S++ (320 TH),M53S++,M53 Series,hydro,4,320.0,7040,22.0,Samsung 5nm,5nm,2023-07-01,False,4U Blade.,"https://shop.whatsminer.com,https://www.asicminervalue.com/manufacturers/microbt,https://hashrateindex.com,https://d-central.tech"
microbt,Whatsminer M56 (194 TH),M56,M56 Series,immersion,3,194.0,5550,28.61,Samsung 5nm,5nm,2023-01-01,False,Slim immersion. Noise 45dB.,"https://shop.whatsminer.com,https://www.asicminervalue.com/manufacturers/microbt,https://hashrateindex.com,https://d-central.tech,https://www.asicminervalue.com/miners/whatsminer-m56"
microbt,Whatsminer M56S (200 TH),M56S,M56 Series,immersion,3,200.0,5200,26.0,Samsung 5nm,5nm,2023-05-01,False,Slim immersion. ASIC Miner Value: 212TH @ 5550W (26.18). Noise 45dB.,"https://shop.whatsminer.com,https://www.asicminervalue.com/manufacturers/microbt,https://hashrateindex.com,https://d-central.tech,https://www.asicminervalue.com/miners/whatsminer-m56s"
microbt,Whatsminer M56S+ (224 TH),M56S+,M56 Series,immersion,3,224.0,5376,24.0,Samsung 5nm,5nm,2023-01-01,False,Slim immersion.,"https://shop.whatsminer.com,https://www.asicminervalue.com/manufacturers/microbt,https://hashrateindex.com,https://d-central.tech"
microbt,Whatsminer M56S++ (254 TH),M56S++,M56 Series,immersion,3,254.0,5588,22.0,Samsung 5nm,5nm,2023-05-01,False,Slim immersion.,"https://shop.whatsminer.com,https://www.asicminervalue.com/manufacturers/microbt,https://hashrateindex.com,https://d-central.tech"
microbt,Whatsminer M60 (162 TH),M60,M60 Series,air,3,162.0,3104,19.16,Samsung 5nm+,5nm,2023-10-01,True,ASIC Miner Value: 172TH @ 3422W (19.9 J/TH). Noise 75dB.,"https://shop.whatsminer.com,https://www.asicminervalue.com/manufacturers/microbt,https://hashrateindex.com,https://d-central.tech,https://www.asicminervalue.com/miners/whatsminer-m60"
microbt,Whatsminer M60S (186 TH),M60S,M60 Series,air,3,186.0,3441,18.5,Samsung 5nm+,5nm,2023-10-01,True,Noise 75dB.,"https://shop.whatsminer.com,https://www.asicminervalue.com/manufacturers/microbt,https://hashrateindex.com,https://d-central.tech,https://www.asicminervalue.com/miners/whatsminer-m60s"
microbt,Whatsminer M60S+ (190-200 TH),M60S+,M60 Series,air,3,195.0,3315,17.0,Samsung 5nm+,5nm,2024-07-01,True,Range 190-200 TH. ASIC Miner Value: 212TH @ 3600W. Noise 75dB.,"https://shop.whatsminer.com,https://www.asicminervalue.com/manufacturers/microbt,https://hashrateindex.com,https://d-central.tech,https://www.asicminervalue.com/miners/whatsminer-m60s-plus"
microbt,Whatsminer M60S++ (218-226 TH),M60S++,M60 Series,air,3,226.0,3600,15.93,Samsung 5nm+,5nm,2024-12-01,True,Noise 75dB. ASIC Miner Value: 226TH @ 3600W (15.93 J/TH).,"https://shop.whatsminer.com,https://www.asicminervalue.com/manufacturers/microbt,https://hashrateindex.com,https://d-central.tech,https://www.asicminervalue.com/miners/whatsminer-m60s-plus-plus"
microbt,Whatsminer M61 (202 TH),M61,M61 Series,air,3,202.0,4000,19.8,Samsung 5nm+,5nm,2024-12-01,True,Larger form factor (430×155×226mm).,"https://shop.whatsminer.com,https://www.asicminervalue.com/manufacturers/microbt,https://hashrateindex.com,https://d-central.tech"
microbt,Whatsminer M61S (216 TH),M61S,M61 Series,air,3,216.0,4320,20.0,Samsung 5nm+,5nm,2024-12-01,True,,"https://shop.whatsminer.com,https://www.asicminervalue.com/manufacturers/microbt,https://hashrateindex.com,https://d-central.tech"
microbt,Whatsminer M61S+ (236 TH),M61S+,M61 Series,air,3,236.0,4012,17.0,Samsung 5nm+,5nm,2024-12-01,True,,"https://shop.whatsminer.com,https://www.asicminervalue.com/manufacturers/microbt,https://hashrateindex.com,https://d-central.tech"
microbt,Whatsminer M63 (366-372 TH),M63,M63 Series,hydro,4,369.0,7283,19.74,Samsung 5nm+,5nm,2023-10-01,True,4U Blade. Range 366-372 TH. ASIC Miner Value: 334TH @ 6646W. Noise 50dB.,"https://shop.whatsminer.com,https://www.asicminervalue.com/manufacturers/microbt,https://hashrateindex.com,https://d-central.tech,https://www.asicminervalue.com/miners/whatsminer-m63"
microbt,Whatsminer M63S (390-416 TH),M63S,M63 Series,hydro,4,390.0,7215,18.5,Samsung 5nm+,5nm,2023-10-01,True,4U Blade. Noise 50dB.,"https://shop.whatsminer.com,https://www.asicminervalue.com/manufacturers/microbt,https://hashrateindex.com,https://d-central.tech,https://www.asicminervalue.com/miners/whatsminer-m63s"
microbt,Whatsminer M63S+ (450 TH),M63S+,M63 Series,hydro,4,450.0,7650,17.0,Samsung 5nm+,5nm,2025-07-01,True,4U Blade. ASIC Miner Value: 424TH @ 7208W (17 J/TH). Noise 75dB.,"https://shop.whatsminer.com,https://www.asicminervalue.com/manufacturers/microbt,https://hashrateindex.com,https://d-central.tech,https://www.asicminervalue.com/miners/whatsminer-m63s-plus"
microbt,Whatsminer M63S++ (464-478 TH),M63S++,M63 Series,hydro,4,464.0,7200,15.52,Samsung 5nm+,5nm,2024-12-01,True,Announced at Bitcoin MENA 2024. Range 464-478 TH. ASIC Miner Value: 464TH @ 7200W (15.52 J/TH). Noise 75dB.,"https://shop.whatsminer.com,https://www.asicminervalue.com/manufacturers/microbt,https://hashrateindex.com,https://d-central.tech,https://www.asicminervalue.com/miners/whatsminer-m63s-plus-plus"
microbt,Whatsminer M64 (202-206 TH),M64,M64 Series,hydro,2,204.0,4059,19.9,Samsung 5nm+,5nm,2024-01-01,True,2U Blade; single-phase 220-277V. Home heating variant. Range 202-206 TH.,"https://shop.whatsminer.com,https://www.asicminervalue.com/manufacturers/microbt,https://hashrateindex.com,https://d-central.tech"
microbt,Whatsminer M64S+ (236 TH),M64S+,M64 Series,hydro,2,236.0,4012,17.0,Samsung 5nm+,5nm,2024-12-01,True,Max outlet water temp 80°C. Announced at Bitcoin MENA 2024.,"https://shop.whatsminer.com,https://www.asicminervalue.com/manufacturers/microbt,https://hashrateindex.com,https://d-central.tech"
microbt,Whatsminer M65S (390-412 TH),M65S,M65 Series,hydro,4,390.0,7308,18.74,Samsung 5nm+,5nm,2024-01-01,True,4U Blade; 80°C outlet water temp. High-temp hydro variant.,"https://shop.whatsminer.com,https://www.asicminervalue.com/manufacturers/microbt,https://hashrateindex.com,https://d-central.tech"
microbt,Whatsminer M65S+ (440 TH),M65S+,M65 Series,hydro,4,440.0,7480,17.0,Samsung 5nm+,5nm,2024-12-01,True,Announced at Bitcoin MENA 2024.,"https://shop.whatsminer.com,https://www.asicminervalue.com/manufacturers/microbt,https://hashrateindex.com,https://d-central.tech"
microbt,Whatsminer M66 (276 TH),M66,M66 Series,immersion,3,276.0,5492,19.9,Samsung 5nm+,5nm,2023-10-01,True,Slim immersion. ASIC Miner Value: 280TH @ 5572W (19.9 J/TH). Noise 50dB.,"https://shop.whatsminer.com,https://www.asicminervalue.com/manufacturers/microbt,https://hashrateindex.com,https://d-central.tech,https://www.asicminervalue.com/miners/whatsminer-m66"
microbt,Whatsminer M66S (286-298 TH),M66S,M66 Series,immersion,3,298.0,5513,18.5,Samsung 5nm+,5nm,2023-11-01,True,Slim immersion. Noise 50dB.,"https://shop.whatsminer.com,https://www.asicminervalue.com/manufacturers/microbt,https://hashrateindex.com,https://d-central.tech,https://www.asicminervalue.com/miners/whatsminer-m66s"
microbt,Whatsminer M66S+ (318 TH),M66S+,M66 Series,immersion,3,318.0,5406,17.0,Samsung 5nm+,5nm,2024-08-01,True,Slim immersion. Noise 75dB.,"https://shop.whatsminer.com,https://www.asicminervalue.com/manufacturers/microbt,https://hashrateindex.com,https://d-central.tech,https://www.asicminervalue.com/miners/whatsminer-m66s-plus"
microbt,Whatsminer M66S++ (356-470 TH),M66S++,M66 Series,immersion,3,470.0,7200,15.32,Samsung 5nm+,5nm,2024-12-01,True,Announced Bitcoin MENA 2024. ASIC Miner Value: 470TH @ 7200W (15.32 J/TH). Noise 50dB.,"https://shop.whatsminer.com,https://www.asicminervalue.com/manufacturers/microbt,https://hashrateindex.com,https://d-central.tech,https://www.asicminervalue.com/miners/whatsminer-m66s-plus-plus"
microbt,Whatsminer M6DS+ (504 TH),M6DS+,M6DS Series,hydro,4,504.0,8568,17.0,—,—,2026-03-01,True,4U Blade. Next-gen chip. Noise 75dB.,"https://shop.whatsminer.com,https://www.asicminervalue.com/manufacturers/microbt,https://hashrateindex.com,https://d-central.tech"
microbt,Whatsminer M6DS++ (556-592 TH),M6DS++,M6DS Series,hydro,4,592.0,9200,15.54,—,—,2026-03-01,True,Range 556-592 TH. ASIC Miner Value: 592TH @ 9200W. Noise 75dB.,"https://shop.whatsminer.com,https://www.asicminervalue.com/manufacturers/microbt,https://hashrateindex.com,https://d-central.tech,https://www.asicminervalue.com/miners/whatsminer-m6ds-plus-plus"
microbt,Whatsminer M7DS (680 TH),M7DS,M7DS Series,hydro,4,680.0,9200,13.53,—,—,2026-03-01,True,ASIC Miner Value: 680TH @ 9200W (13.53 J/TH). Noise 75dB.,"https://shop.whatsminer.com,https://www.asicminervalue.com/manufacturers/microbt,https://hashrateindex.com,https://d-central.tech,https://www.asicminervalue.com/miners/whatsminer-m7ds"
microbt,Whatsminer M70 (214 TH),M70,M70 Series,air,3,214.0,3140,14.67,—,—,2025-12-01,True,Noise 75dB.,"https://shop.whatsminer.com,https://www.asicminervalue.com/manufacturers/microbt,https://hashrateindex.com,https://d-central.tech,https://www.asicminervalue.com/miners/whatsminer-m70"
microbt,Whatsminer M70S (226 TH),M70S,M70 Series,air,3,226.0,3140,13.89,—,—,2025-12-01,True,Noise 75dB.,"https://shop.whatsminer.com,https://www.asicminervalue.com/manufacturers/microbt,https://hashrateindex.com,https://d-central.tech,https://www.asicminervalue.com/miners/whatsminer-m70s"
microbt,Whatsminer M70S+ (244 TH),M70S+,M70 Series,air,3,244.0,3140,12.87,—,—,2025-12-01,True,Noise 75dB.,"https://shop.whatsminer.com,https://www.asicminervalue.com/manufacturers/microbt,https://hashrateindex.com,https://d-central.tech,https://www.asicminervalue.com/miners/whatsminer-m70splus"
microbt,Whatsminer M72 (246 TH),M72,M72 Series,air,3,246.0,4000,16.26,—,—,2025-12-01,True,,"https://shop.whatsminer.com,https://www.asicminervalue.com/manufacturers/microbt,https://hashrateindex.com,https://d-central.tech"
microbt,Whatsminer M72S (264 TH),M72S,M72 Series,air,3,264.0,4000,15.15,—,—,2025-12-01,True,,"https://shop.whatsminer.com,https://www.asicminervalue.com/manufacturers/microbt,https://hashrateindex.com,https://d-central.tech"
microbt,Whatsminer M72S (920 TH Hydro),M72S,M72 Series,hydro,4,920.0,14500,15.76,—,—,2026-01-01,True,Hydro variant. ASIC Miner Value: 920TH @ 14500W (15.76 J/TH). Noise 50dB.,"https://shop.whatsminer.com,https://www.asicminervalue.com/manufacturers/microbt,https://hashrateindex.com,https://d-central.tech,https://www.asicminervalue.com/miners/whatsminer-m72s"
microbt,Whatsminer M73 (470 TH),M73,M73 Series,hydro,4,470.0,7200,15.32,—,—,2025-12-01,True,4U Blade. Noise 75dB.,"https://shop.whatsminer.com,https://www.asicminervalue.com/manufacturers/microbt,https://hashrateindex.com,https://d-central.tech,https://www.asicminervalue.com/miners/whatsminer-m73"
microbt,Whatsminer M73S (500 TH),M73S,M73 Series,hydro,4,500.0,7200,14.4,—,—,2025-12-01,True,4U Blade. Noise 75dB.,"https://shop.whatsminer.com,https://www.asicminervalue.com/manufacturers/microbt,https://hashrateindex.com,https://d-central.tech,https://www.asicminervalue.com/miners/whatsminer-m73s"
microbt,Whatsminer M73S+ (540 TH),M73S+,M73 Series,hydro,4,540.0,7200,13.33,—,—,2025-12-01,True,4U Blade. Noise 75dB.,"https://shop.whatsminer.com,https://www.asicminervalue.com/manufacturers/microbt,https://hashrateindex.com,https://d-central.tech,https://www.asicminervalue.com/miners/whatsminer-m73s-plus"
microbt,Whatsminer M76 (336 TH),M76,M76 Series,immersion,3,336.0,5200,15.48,—,—,2025-12-01,True,Slim immersion. Noise 75dB.,"https://shop.whatsminer.com,https://www.asicminervalue.com/manufacturers/microbt,https://hashrateindex.com,https://d-central.tech,https://www.asicminervalue.com/miners/whatsminer-m76"
microbt,Whatsminer M76S (362 TH),M76S,M76 Series,immersion,3,362.0,5200,14.36,—,—,2025-12-01,True,Slim immersion. Noise 75dB.,"https://shop.whatsminer.com,https://www.asicminervalue.com/manufacturers/microbt,https://hashrateindex.com,https://d-central.tech,https://www.asicminervalue.com/miners/whatsminer-m76s"
microbt,Whatsminer M76S+ (390 TH),M76S+,M76 Series,immersion,3,390.0,5200,13.33,—,—,2025-12-01,True,Slim immersion. Noise 75dB.,"https://shop.whatsminer.com,https://www.asicminervalue.com/manufacturers/microbt,https://hashrateindex.com,https://d-central.tech,https://www.asicminervalue.com/miners/whatsminer-m76s-plus"
microbt,Whatsminer M78 (440 TH),M78,M78 Series,immersion,3,440.0,7000,15.91,—,—,2025-12-01,True,Slim immersion (large).,"https://shop.whatsminer.com,https://www.asicminervalue.com/manufacturers/microbt,https://hashrateindex.com,https://d-central.tech"
microbt,Whatsminer M78S (472 TH),M78S,M78 Series,immersion,3,472.0,6550,13.88,—,—,2025-12-01,True,Slim immersion. ASIC Miner Value: 472TH @ 6550W (13.88 J/TH). Noise 75dB.,"https://shop.whatsminer.com,https://www.asicminervalue.com/manufacturers/microbt,https://hashrateindex.com,https://d-central.tech,https://www.asicminervalue.com/miners/whatsminer-m78s"
microbt,Whatsminer M79 (870 TH),M79,M79 Series,hydro,8,870.0,14000,16.09,—,—,2025-12-01,True,8U Dual-Blade (2x M73). ASIC Miner Value: 920TH @ 14500W (15.76). Noise 50dB.,"https://shop.whatsminer.com,https://www.asicminervalue.com/manufacturers/microbt,https://hashrateindex.com,https://d-central.tech,https://www.asicminervalue.com/miners/whatsminer-m79"
microbt,Whatsminer M79S (930 TH),M79S,M79 Series,hydro,8,930.0,14000,15.05,—,—,2025-12-01,True,8U Dual-Blade. ASIC Miner Value: 1350TH @ 20000W. Noise 50dB.,"https://shop.whatsminer.com,https://www.asicminervalue.com/manufacturers/microbt,https://hashrateindex.com,https://d-central.tech,https://www.asicminervalue.com/miners/whatsminer-m79s"
microbt,Whatsminer M7D (594 TH),M7D,M7D Series,hydro,4,594.0,8613,14.5,—,—,2026-03-01,True,4U Blade. ASIC Miner Value: 634TH @ 9200W (14.51 J/TH). Noise 75dB.,"https://shop.whatsminer.com,https://www.asicminervalue.com/manufacturers/microbt,https://hashrateindex.com,https://d-central.tech,https://www.asicminervalue.com/miners/whatsminer-m7d"
microbt,Whatsminer M7DS (638 TH),M7DS,M7D Series,hydro,4,638.0,8613,13.5,—,—,2026-03-01,True,4U Blade.,"https://shop.whatsminer.com,https://www.asicminervalue.com/manufacturers/microbt,https://hashrateindex.com,https://d-central.tech"
canaan,Avalon1 Batch 1 (66 GH/s),Avalon1 B1,Avalon1 Gen1,air,4,0.066,620,9393.94,A3256,110nm,2013-01-01,False,Original open-source miner. 2+2 module config.,"https://shop.canaan.io,https://www.asicminervalue.com/manufacturers/canaan,https://hashrateindex.com,https://d-central.tech"
canaan,Avalon1 Batch 2 (82 GH/s),Avalon1 B2,Avalon1 Gen1,air,4,0.082,700,8536.59,A3256,110nm,2013-01-01,False,,"https://shop.canaan.io,https://www.asicminervalue.com/manufacturers/canaan,https://hashrateindex.com,https://d-central.tech"
canaan,Avalon1 Batch 3 (82 GH/s),Avalon1 B3,Avalon1 Gen1,air,4,0.082,700,8536.59,A3256,110nm,2013-01-01,False,,"https://shop.canaan.io,https://www.asicminervalue.com/manufacturers/canaan,https://hashrateindex.com,https://d-central.tech"
canaan,Avalon2,Avalon2,Avalon2 Gen2,air,3,0.3,1020,3400.0,A3255,55nm,2013-01-01,False,Normal: 315GH/1020W; ECO: 210GH/420W.,"https://shop.canaan.io,https://www.asicminervalue.com/manufacturers/canaan,https://hashrateindex.com,https://d-central.tech"
canaan,Avalon3,Avalon3,Avalon3 Gen3,air,3,0.8,1500,1875.0,A3233,40nm,2014-01-01,False,~800 GH/s.,"https://shop.canaan.io,https://www.asicminervalue.com/manufacturers/canaan,https://hashrateindex.com,https://d-central.tech"
canaan,Avalon4 / Avalon4.1 (1.3 TH/s),Avalon4,Avalon4 Gen4,air,3,1.3,910,700.0,A3222,40nm,2014-01-01,False,"A3222 chip, 40nm. 40 chips at 0.7 W/GH.","https://shop.canaan.io,https://www.asicminervalue.com/manufacturers/canaan,https://hashrateindex.com,https://d-central.tech"
canaan,Avalon6,Avalon6,Avalon6 Gen6,air,3,3.5,1080,308.57,A3218,28nm,2015-01-01,False,0.29 J/GH.,"https://shop.canaan.io,https://www.asicminervalue.com/manufacturers/canaan,https://hashrateindex.com,https://d-central.tech"
canaan,AvalonMiner 721,A721,Avalon7 Gen7,air,1,6.0,900,150.0,A3212,16nm,2016-11-01,False,,"https://shop.canaan.io,https://www.asicminervalue.com/manufacturers/canaan,https://hashrateindex.com,https://d-central.tech"
canaan,AvalonMiner 741,A741,Avalon7 Gen7,air,1,7.3,1150,157.53,A3212,16nm,2017-04-01,False,88 × A3212 chips. Noise 65dB.,"https://shop.canaan.io,https://www.asicminervalue.com/manufacturers/canaan,https://hashrateindex.com,https://d-central.tech,https://www.asicminervalue.com/miners/avalonminer-741"
canaan,AvalonMiner 761,A761,Avalon7 Gen7,air,1,8.8,1320,150.0,A3212,16nm,2017-01-01,False,104 × A3212 chips.,"https://shop.canaan.io,https://www.asicminervalue.com/manufacturers/canaan,https://hashrateindex.com,https://d-central.tech"
canaan,AvalonMiner 821 (11 TH),A821,Avalon8 Gen8,air,4,11.0,1200,109.09,A3210,16nm,2018-02-01,False,,"https://shop.canaan.io,https://www.asicminervalue.com/manufacturers/canaan,https://hashrateindex.com,https://d-central.tech"
canaan,AvalonMiner 821 (11.5 TH),A821,Avalon8 Gen8,air,4,11.5,1200,104.35,A3210,16nm,2018-02-01,False,Noise 72dB.,"https://shop.canaan.io,https://www.asicminervalue.com/manufacturers/canaan,https://hashrateindex.com,https://d-central.tech,https://www.asicminervalue.com/miners/avalonminer-821"
canaan,AvalonMiner 841,A841,Avalon8 Gen8,air,4,13.0,1290,99.23,A3210HP,16nm,2018-04-01,False,ASIC Miner Value: 13.6TH @ 1290W (94.85 J/TH). Noise 65dB.,"https://shop.canaan.io,https://www.asicminervalue.com/manufacturers/canaan,https://hashrateindex.com,https://d-central.tech,https://www.asicminervalue.com/miners/avalonminer-841"
canaan,AvalonMiner 851,A851,Avalon8 Gen8,air,4,14.5,1450,100.0,A3210HP,16nm,2018-01-01,False,,"https://shop.canaan.io,https://www.asicminervalue.com/manufacturers/canaan,https://hashrateindex.com,https://d-central.tech"
canaan,AvalonMiner 852,A852,Avalon8 Gen8,air,4,15.0,1500,100.0,A3210HP,16nm,2019-01-01,False,,"https://shop.canaan.io,https://www.asicminervalue.com/manufacturers/canaan,https://hashrateindex.com,https://d-central.tech"
canaan,AvalonMiner 910,A910,Avalon9 Gen9,air,1,16.0,1350,84.0,A3207,7nm,2019-01-01,False,,"https://shop.canaan.io,https://www.asicminervalue.com/manufacturers/canaan,https://hashrateindex.com,https://d-central.tech"
canaan,AvalonMiner 911,A911,Avalon9 Gen9,air,1,18.0,1440,80.0,A3207,7nm,2019-07-01,False,,"https://shop.canaan.io,https://www.asicminervalue.com/manufacturers/canaan,https://hashrateindex.com,https://d-central.tech"
canaan,AvalonMiner 920,A920,Avalon9 Gen9,air,1,18.0,1720,96.0,A3207,7nm,2019-01-01,False,,"https://shop.canaan.io,https://www.asicminervalue.com/manufacturers/canaan,https://hashrateindex.com,https://d-central.tech"
canaan,AvalonMiner 921,A921,Avalon9 Gen9,air,1,20.0,1700,85.0,A3207,7nm,2018-09-01,False,Noise 72dB.,"https://shop.canaan.io,https://www.asicminervalue.com/manufacturers/canaan,https://hashrateindex.com,https://d-central.tech,https://www.asicminervalue.com/miners/avalonminer-921"
canaan,AvalonMiner 1026,A1026,Avalon10 Gen10,air,2,30.0,2070,69.0,A3205,16nm,2019-01-01,False,,"https://shop.canaan.io,https://www.asicminervalue.com/manufacturers/canaan,https://hashrateindex.com,https://d-central.tech"
canaan,AvalonMiner 1041,A1041,Avalon10 Gen10,air,2,31.0,1736,56.0,A3205,16nm,2019-01-01,False,240 × A3205 chips.,"https://shop.canaan.io,https://www.asicminervalue.com/manufacturers/canaan,https://hashrateindex.com,https://d-central.tech"
canaan,AvalonMiner 1047,A1047,Avalon10 Gen10,air,3,37.0,2380,64.32,A3205,16nm,2019-09-01,False,Noise 72dB.,"https://shop.canaan.io,https://www.asicminervalue.com/manufacturers/canaan,https://hashrateindex.com,https://d-central.tech,https://www.asicminervalue.com/miners/avalonminer-1047"
canaan,AvalonMiner 1066,A1066,Avalon10 Gen10,air,3,50.0,3250,65.0,A3205,16nm,2019-09-01,False,342 × A3205. ASIC Miner Value: 63TH @ 3276W (52 J/TH). Noise 72dB.,"https://shop.canaan.io,https://www.asicminervalue.com/manufacturers/canaan,https://hashrateindex.com,https://d-central.tech,https://www.asicminervalue.com/miners/avalonminer-1066"
canaan,AvalonMiner 1066 Pro,A1066 Pro,Avalon10 Gen10,air,3,55.0,3276,60.0,A3205,16nm,2020-02-01,False,342 × A3205 chips.,"https://shop.canaan.io,https://www.asicminervalue.com/manufacturers/canaan,https://hashrateindex.com,https://d-central.tech"
canaan,AvalonMiner 1126 Pro (60 TH),A1126 Pro,Avalon11 Gen11,air,3,60.0,3420,57.0,A3202,7nm,2021-08-01,False,,"https://shop.canaan.io,https://www.asicminervalue.com/manufacturers/canaan,https://hashrateindex.com,https://d-central.tech"
canaan,AvalonMiner 1126 Pro (64 TH),A1126 Pro,Avalon11 Gen11,air,3,64.0,3420,53.0,A3202,7nm,2021-08-01,False,,"https://shop.canaan.io,https://www.asicminervalue.com/manufacturers/canaan,https://hashrateindex.com,https://d-central.tech"
canaan,AvalonMiner 1126 Pro (68 TH),A1126 Pro,Avalon11 Gen11,air,3,68.0,3420,50.0,A3202,7nm,2021-08-01,False,Noise 75dB.,"https://shop.canaan.io,https://www.asicminervalue.com/manufacturers/canaan,https://hashrateindex.com,https://d-central.tech,https://www.asicminervalue.com/miners/avalonminer-1126-pro"
canaan,AvalonMiner 1146,A1146,Avalon11 Gen11,air,3,56.0,3192,57.0,A3202,7nm,2020-02-01,False,,"https://shop.canaan.io,https://www.asicminervalue.com/manufacturers/canaan,https://hashrateindex.com,https://d-central.tech"
canaan,AvalonMiner 1146 Pro (63 TH),A1146 Pro,Avalon11 Gen11,air,3,63.0,3276,52.0,A3202,7nm,2020-08-01,False,ASIC Miner Value: 130TH @ 3250W (25 J/TH) — conflicting entries. Separate model confirmed.,"https://shop.canaan.io,https://www.asicminervalue.com/manufacturers/canaan,https://hashrateindex.com,https://d-central.tech,https://www.asicminervalue.com/miners/avalonminer-1146-pro"
canaan,AvalonMiner 1166,A1166,Avalon11 Gen11,air,3,68.0,3196,47.0,A3204,7nm,2020-01-01,False,,"https://shop.canaan.io,https://www.asicminervalue.com/manufacturers/canaan,https://hashrateindex.com,https://d-central.tech"
canaan,AvalonMiner 1166 Pro (72 TH),A1166 Pro,Avalon11 Gen11,air,3,72.0,3420,48.0,A3202,7nm,2020-08-01,False,,"https://shop.canaan.io,https://www.asicminervalue.com/manufacturers/canaan,https://hashrateindex.com,https://d-central.tech"
canaan,AvalonMiner 1166 Pro (75 TH),A1166 Pro,Avalon11 Gen11,air,3,75.0,3276,44.0,A3202,7nm,2020-08-01,False,,"https://shop.canaan.io,https://www.asicminervalue.com/manufacturers/canaan,https://hashrateindex.com,https://d-central.tech"
canaan,AvalonMiner 1166 Pro (78 TH),A1166 Pro,Avalon11 Gen11,air,3,78.0,3276,42.0,A3202,7nm,2020-08-01,False,,"https://shop.canaan.io,https://www.asicminervalue.com/manufacturers/canaan,https://hashrateindex.com,https://d-central.tech"
canaan,AvalonMiner 1166 Pro (81 TH),A1166 Pro,Avalon11 Gen11,air,3,81.0,3400,41.98,A3202,7nm,2020-08-01,False,Noise 75dB.,"https://shop.canaan.io,https://www.asicminervalue.com/manufacturers/canaan,https://hashrateindex.com,https://d-central.tech,https://www.asicminervalue.com/miners/avalonminer-1166-pro"
canaan,Avalon A1246 (83 TH),A1246,Avalon12 Gen12,air,3,83.0,3420,41.0,A12,7nm,2021-01-01,False,,"https://shop.canaan.io,https://www.asicminervalue.com/manufacturers/canaan,https://hashrateindex.com,https://d-central.tech"
canaan,Avalon A1246 (85 TH),A1246,Avalon12 Gen12,air,3,85.0,3420,40.0,A12,7nm,2021-01-01,False,,"https://shop.canaan.io,https://www.asicminervalue.com/manufacturers/canaan,https://hashrateindex.com,https://d-central.tech"
canaan,Avalon A1246 (90 TH),A1246,Avalon12 Gen12,air,3,90.0,3420,38.0,A12,7nm,2021-01-01,False,ASIC Miner Value: 90TH @ 3420W (38 J/TH). Noise 75dB.,"https://shop.canaan.io,https://www.asicminervalue.com/manufacturers/canaan,https://hashrateindex.com,https://d-central.tech,https://www.asicminervalue.com/miners/avalonminer-1246"
canaan,Avalon A1246 (93 TH),A1246,Avalon12 Gen12,air,3,93.0,3420,37.0,A12,7nm,2021-01-01,False,,"https://shop.canaan.io,https://www.asicminervalue.com/manufacturers/canaan,https://hashrateindex.com,https://d-central.tech"
canaan,Avalon A1246 (96 TH),A1246,Avalon12 Gen12,air,3,96.0,3420,36.0,A12,7nm,2020-12-01,False,First-shipped bin.,"https://shop.canaan.io,https://www.asicminervalue.com/manufacturers/canaan,https://hashrateindex.com,https://d-central.tech"
canaan,Avalon A1266 (100 TH),A1266,Avalon12 Gen12,air,3,100.0,3500,35.0,A12,7nm,2022-04-01,False,,"https://shop.canaan.io,https://www.asicminervalue.com/manufacturers/canaan,https://hashrateindex.com,https://d-central.tech"
canaan,Avalon A1326 (106-115 TH),A1326,Avalon13 Gen13,air,3,110.0,3425,31.0,A3246,7nm,2022-11-01,False,Range 106-115 TH. Midpoint shown.,"https://shop.canaan.io,https://www.asicminervalue.com/manufacturers/canaan,https://hashrateindex.com,https://d-central.tech"
canaan,Avalon A1346 (110 TH),A1346,Avalon13 Gen13,air,3,110.0,3300,30.0,A3246,7nm,2022-10-01,False,ASIC Miner Value: 150TH @ 3230W (21.53). Discrepancy — separate variant listed. Noise 75dB.,"https://shop.canaan.io,https://www.asicminervalue.com/manufacturers/canaan,https://hashrateindex.com,https://d-central.tech,https://www.asicminervalue.com/miners/avalon-made-a1346"
canaan,Avalon A1366 (130 TH),A1366,Avalon13 Gen13,air,3,130.0,3250,25.0,A3246,7nm,2022-10-01,False,ASIC Miner Value: 135TH @ 3310W (24.52). Noise 75dB.,"https://shop.canaan.io,https://www.asicminervalue.com/manufacturers/canaan,https://hashrateindex.com,https://d-central.tech,https://www.asicminervalue.com/miners/avalon-made-a1366"
canaan,Avalon A1366I (119 TH),A1366I,Avalon13 Gen13,immersion,3,119.0,3570,30.0,A3246,7nm,2023-05-01,False,ASIC Miner Value: Avalon Miner A1366I at 81TH @ 3400W (41.98 J/TH) — different variant or listing discrepancy.,"https://shop.canaan.io,https://www.asicminervalue.com/manufacturers/canaan,https://hashrateindex.com,https://d-central.tech"
canaan,Avalon A1366I (122 TH),A1366I,Avalon13 Gen13,immersion,3,122.0,3570,29.0,A3246,7nm,2023-07-01,False,,"https://shop.canaan.io,https://www.asicminervalue.com/manufacturers/canaan,https://hashrateindex.com,https://d-central.tech"
canaan,Avalon A1366I (165 TH),A1366I,Avalon13 Gen13,immersion,3,165.0,4950,30.0,A3246,7nm,2023-01-01,False,High-OC immersion variant.,"https://shop.canaan.io,https://www.asicminervalue.com/manufacturers/canaan,https://hashrateindex.com,https://d-central.tech"
canaan,Avalon A1446 (135 TH),A1446,Avalon14 Gen14,air,3,135.0,3310,24.5,A3246,7nm,2023-09-01,False,ASIC Miner Value: A1446 @ 119TH/3570W (30 J/TH). Noise 75dB.,"https://shop.canaan.io,https://www.asicminervalue.com/manufacturers/canaan,https://hashrateindex.com,https://d-central.tech,https://www.asicminervalue.com/miners/avalon-made-a1446"
canaan,Avalon A1466 (150 TH),A1466,Avalon14 Gen14,air,3,150.0,3230,21.5,A3246,7nm,2023-09-01,False,ASIC Miner Value: Avalon Made A1466 @ 194TH/3647W (18.8). Separate newer batch. Noise 75dB.,"https://shop.canaan.io,https://www.asicminervalue.com/manufacturers/canaan,https://hashrateindex.com,https://d-central.tech,https://www.asicminervalue.com/miners/avalon-made-a1466"
canaan,Avalon A1466I (153 TH),A1466I,Avalon14 Gen14,immersion,3,153.0,3320,22.0,A3246,7nm,2023-09-01,False,,"https://shop.canaan.io,https://www.asicminervalue.com/manufacturers/canaan,https://hashrateindex.com,https://d-central.tech"
canaan,Avalon A1466I (170 TH),A1466I,Avalon14 Gen14,immersion,3,170.0,3317,20.0,A3246,7nm,2023-09-01,False,,"https://shop.canaan.io,https://www.asicminervalue.com/manufacturers/canaan,https://hashrateindex.com,https://d-central.tech"
canaan,Avalon A1566 (185 TH),A1566,Avalon15 Gen15,air,3,185.0,3420,18.49,A15,4nm,2024-10-01,True,Noise 75dB.,"https://shop.canaan.io,https://www.asicminervalue.com/manufacturers/canaan,https://hashrateindex.com,https://d-central.tech,https://www.asicminervalue.com/miners/avalon-a1566"
canaan,Avalon A1566I (249 TH),A1566I,Avalon15 Gen15,immersion,3,249.0,4500,18.07,A15,4nm,2024-06-01,True,ASIC Miner Value: 261TH @ 4500W. Noise 50dB.,"https://shop.canaan.io,https://www.asicminervalue.com/manufacturers/canaan,https://hashrateindex.com,https://d-central.tech,https://www.asicminervalue.com/miners/avalon-a1566i"
canaan,Avalon A1566I (261 TH),A1566I,Avalon15 Gen15,immersion,3,261.0,4500,17.24,A15,4nm,2024-07-01,True,,"https://shop.canaan.io,https://www.asicminervalue.com/manufacturers/canaan,https://hashrateindex.com,https://d-central.tech"
canaan,Avalon A1566HA 2U (480 TH),A1566HA,Avalon15 Gen15,hydro,6,480.0,8064,16.8,A15,4nm,2025-08-01,True,2U rack hydro form factor. 6 hashboards. Noise 40dB.,"https://shop.canaan.io,https://www.asicminervalue.com/manufacturers/canaan,https://hashrateindex.com,https://d-central.tech,https://www.asicminervalue.com/miners/avalon-a1566ha"
canaan,Avalon A15 (194 TH),A15,Avalon15 Gen15,air,3,194.0,3647,18.8,A15,4nm,2024-12-01,True,Noise 75dB.,"https://shop.canaan.io,https://www.asicminervalue.com/manufacturers/canaan,https://hashrateindex.com,https://d-central.tech,https://www.asicminervalue.com/miners/a15-194t"
canaan,Avalon A15 Pro (218 TH),A15 Pro,Avalon15 Gen15,air,3,218.0,3662,16.8,A15,4nm,2025-02-01,True,Noise 75dB.,"https://shop.canaan.io,https://www.asicminervalue.com/manufacturers/canaan,https://hashrateindex.com,https://d-central.tech,https://www.asicminervalue.com/miners/a15pro-218t"
canaan,Avalon A15 Pro (221 TH),A15 Pro,Avalon15 Gen15,air,3,221.0,3662,16.57,A15,4nm,2025-03-01,True,Noise 75dB.,"https://shop.canaan.io,https://www.asicminervalue.com/manufacturers/canaan,https://hashrateindex.com,https://d-central.tech,https://www.asicminervalue.com/miners/a15pro-221t"
canaan,Avalon A15XP (206 TH),A15XP,Avalon15 Gen15,air,3,206.0,3667,17.8,A15,4nm,2024-12-01,True,Noise 75dB.,"https://shop.canaan.io,https://www.asicminervalue.com/manufacturers/canaan,https://hashrateindex.com,https://d-central.tech,https://www.asicminervalue.com/miners/a15xp-206t"
canaan,Avalon A16 (282 TH),A16,Avalon16 Gen16,air,3,282.0,3900,13.83,A16,TBD (Samsung),2026-03-01,True,Samsung process. Noise 75dB.,"https://shop.canaan.io,https://www.asicminervalue.com/manufacturers/canaan,https://hashrateindex.com,https://d-central.tech,https://www.asicminervalue.com/miners/a16-282t"
canaan,Avalon A16XP (300 TH),A16XP,Avalon16 Gen16,air,3,300.0,3850,12.83,A16,TBD (Samsung),2026-04-01,True,Noise 75dB.,"https://shop.canaan.io,https://www.asicminervalue.com/manufacturers/canaan,https://hashrateindex.com,https://d-central.tech,https://www.asicminervalue.com/miners/a16xp-300t"
canaan,Avalon Nano 3,Nano 3,Consumer Line,air,1,4.0,140,35.0,~A12,7nm,2024-02-01,True,"USB-C, Wi-Fi, 10 integrated chips. Noise 35dB.","https://shop.canaan.io,https://www.asicminervalue.com/manufacturers/canaan,https://hashrateindex.com,https://d-central.tech,https://www.asicminervalue.com/miners/avalon-nano-3"
canaan,Avalon Nano 3S,Nano 3S,Consumer Line,air,1,6.0,140,23.33,Next-gen,~4nm,2025-01-01,True,50% more hashrate vs Nano 3. Noise 40dB.,"https://shop.canaan.io,https://www.asicminervalue.com/manufacturers/canaan,https://hashrateindex.com,https://d-central.tech,https://www.asicminervalue.com/miners/canaan"
canaan,Avalon Mini 3,Mini 3,Consumer Line,air,2,37.5,800,21.33,A15,4nm,2025-01-01,True,66 chips. Dual-use space heater form factor. Noise 55dB.,"https://shop.canaan.io,https://www.asicminervalue.com/manufacturers/canaan,https://hashrateindex.com,https://d-central.tech,https://www.asicminervalue.com/miners/avalon-mini-3"
canaan,Avalon Q,Avalon Q,Consumer Line,air,3,90.0,1674,18.6,A15,4nm,2025-04-01,True,"Rack-style home miner, LCD, app control. Noise 45dB.","https://shop.canaan.io,https://www.asicminervalue.com/manufacturers/canaan,https://hashrateindex.com,https://d-central.tech,https://www.asicminervalue.com/miners/avalon-q"
bitdeer,SealMiner A4 Ultra Hydro (886 TH),A4 Ultra Hydro,SealMiner A4 Series,hydro,4,886.0,8372,9.45,SEAL04,—,2026-05-01,True,Noise 50dB.,"https://www.bitdeer.com,https://www.asicminervalue.com/manufacturers/bitdeer,https://www.asicminervalue.com/miners/sealminer-a4-ultra-hydro"
bitdeer,SealMiner A4 Pro Air (336 TH),A4 Pro Air,SealMiner A4 Series,air,3,336.0,3662,10.9,SEAL04,—,2026-05-01,True,Noise 75dB.,"https://www.bitdeer.com,https://www.asicminervalue.com/manufacturers/bitdeer,https://www.asicminervalue.com/miners/sealminer-a4-pro-air"
bitdeer,SealMiner A4 Pro Hydro (680 TH),A4 Pro Hydro,SealMiner A4 Series,hydro,4,680.0,7412,10.9,SEAL04,—,2026-05-01,True,Noise 50dB.,"https://www.bitdeer.com,https://www.asicminervalue.com/manufacturers/bitdeer,https://www.asicminervalue.com/miners/sealminer-a4-pro-hydro"
bitdeer,SealMiner A3 Pro Air (290 TH),A3 Pro Air,SealMiner A3 Series,air,3,290.0,3625,12.5,SEAL03,—,2025-09-01,True,Noise 75dB.,"https://www.bitdeer.com,https://www.asicminervalue.com/manufacturers/bitdeer,https://www.asicminervalue.com/miners/sealminer-a3-pro-air"
bitdeer,SealMiner A3 Pro Hydro (660 TH),A3 Pro Hydro,SealMiner A3 Series,hydro,4,660.0,8250,12.5,SEAL03,—,2025-09-01,True,Noise 50dB.,"https://www.bitdeer.com,https://www.asicminervalue.com/manufacturers/bitdeer,https://www.asicminervalue.com/miners/sealminer-a3-pro-hydro"
bitdeer,SealMiner A3 Hydro (500 TH),A3 Hydro,SealMiner A3 Series,hydro,4,500.0,6750,13.5,SEAL03,—,2025-09-01,True,Noise 50dB.,"https://www.bitdeer.com,https://www.asicminervalue.com/manufacturers/bitdeer,https://www.asicminervalue.com/miners/sealminer-a3-hydro"
bitdeer,SealMiner A3 Air (260 TH),A3 Air,SealMiner A3 Series,air,3,260.0,3640,14.0,SEAL03,—,2025-09-01,True,Noise 75dB.,"https://www.bitdeer.com,https://www.asicminervalue.com/manufacturers/bitdeer,https://www.asicminervalue.com/miners/sealminer-a3-air"
bitdeer,SealMiner A2 Pro Air (255 TH),A2 Pro Air,SealMiner A2 Series,air,3,255.0,3790,14.86,SEAL02,—,2025-03-01,True,Noise 75dB.,"https://www.bitdeer.com,https://www.asicminervalue.com/manufacturers/bitdeer,https://www.asicminervalue.com/miners/sealminer-a2-pro-air"
bitdeer,SealMiner A2 Pro Hyd (500 TH),A2 Pro Hyd,SealMiner A2 Series,hydro,4,500.0,7450,14.9,SEAL02,—,2025-03-01,True,Noise 50dB.,"https://www.bitdeer.com,https://www.asicminervalue.com/manufacturers/bitdeer,https://www.asicminervalue.com/miners/sealminer-a2-pro-hyd"
bitdeer,SealMiner A2 Hyd (446 TH),A2 Hyd,SealMiner A2 Series,hydro,4,446.0,7360,16.5,SEAL02,—,2025-02-01,True,Noise 50dB.,"https://www.bitdeer.com,https://www.asicminervalue.com/manufacturers/bitdeer,https://www.asicminervalue.com/miners/sealminer-a2-hyd"
bitdeer,SealMiner A2 (226 TH),A2,SealMiner A2 Series,air,3,226.0,3730,16.5,SEAL02,—,2025-02-01,True,Noise 75dB.,"https://www.bitdeer.com,https://www.asicminervalue.com/manufacturers/bitdeer,https://www.asicminervalue.com/miners/sealminer-a2"
bitdeer,SealMiner DL1 Air (179 TH),DL1 Air,SealMiner DL1 Series,air,3,179.0,3580,20.0,SEAL01,—,2025-01-01,True,First-gen SealMiner. Noise 75dB.,"https://www.bitdeer.com,https://www.asicminervalue.com/manufacturers/bitdeer,https://www.asicminervalue.com/miners/sealminer-dl1-air"
auradine,Auradine Teraflux AT2880 (180 TH),AT2880,Teraflux Series,air,3,180.0,2880,16.0,—,—,2024-11-01,True,Noise 70dB.,"https://www.auradine.com,https://www.asicminervalue.com/manufacturers/auradine,https://www.asicminervalue.com/miners/teraflux-at2880"
auradine,Auradine Teraflux AH3880 (600 TH),AH3880,Teraflux Series,hydro,4,600.0,10740,17.9,—,—,2025-03-01,True,Noise 35dB.,"https://www.auradine.com,https://www.asicminervalue.com/manufacturers/auradine,https://www.asicminervalue.com/miners/teraflux-ah3880"
auradine,Auradine Teraflux AI3680 (360 TH),AI3680,Teraflux Series,immersion,3,360.0,6840,19.0,—,—,2024-12-01,True,Noise 50dB.,"https://www.auradine.com,https://www.asicminervalue.com/manufacturers/auradine,https://www.asicminervalue.com/miners/pascal"
innosilicon,Innosilicon T2 Terminator (17.2 TH),T2 Terminator,T2 Series,air,3,17.2,1570,91.28,—,—,2018-05-01,False,Noise 72dB.,"https://www.innosilicon.com,https://www.asicminervalue.com/manufacturers/innosilicon,https://www.asicminervalue.com/miners/t2-terminator"
innosilicon,Innosilicon T2 Turbo 25T,T2T 25T,T2 Turbo Series,air,3,25.0,2100,84.0,—,—,2019-01-01,False,Noise 72dB.,"https://www.innosilicon.com,https://www.asicminervalue.com/manufacturers/innosilicon,https://www.asicminervalue.com/miners/t2-turbo-25t"
innosilicon,Innosilicon T2 Turbo 26T,T2T 26T,T2 Turbo Series,air,3,26.0,2100,80.77,—,—,2021-07-01,False,Noise 75dB.,"https://www.innosilicon.com,https://www.asicminervalue.com/manufacturers/innosilicon,https://www.asicminervalue.com/miners/t2-turbo-26t"
innosilicon,Innosilicon T2 Turbo 29T/30T,T2T 29T/30T,T2 Turbo Series,air,3,30.0,2400,80.0,—,—,2021-01-01,False,Noise 72dB.,"https://www.innosilicon.com,https://www.asicminervalue.com/manufacturers/innosilicon,https://www.asicminervalue.com/miners/t2-turbo-29t-30t"
innosilicon,Innosilicon T2 Turbo+ 32T,T2T+ 32T,T2 Turbo Series,air,3,32.0,2200,68.75,—,—,2018-09-01,False,Noise 72dB.,"https://www.innosilicon.com,https://www.asicminervalue.com/manufacturers/innosilicon,https://www.asicminervalue.com/miners/t2-turbo-32t"
innosilicon,Innosilicon T2 Turbo HF+ (33 TH),T2T HF+,T2 Turbo Series,air,3,33.0,2600,78.79,—,—,2021-07-01,False,HF+ variant. Noise 72dB.,"https://www.innosilicon.com,https://www.asicminervalue.com/manufacturers/innosilicon,https://www.asicminervalue.com/miners/t2-turbo-hf"
innosilicon,Innosilicon T3 39T,T3 39T,T3 Series,air,3,39.0,2150,55.13,—,—,2019-07-01,False,Noise 75dB.,"https://www.innosilicon.com,https://www.asicminervalue.com/manufacturers/innosilicon,https://www.asicminervalue.com/miners/t3-39t"
innosilicon,Innosilicon T3+ 43T,T3+ 43T,T3 Series,air,3,43.0,2100,48.84,—,—,2019-03-01,False,Noise 72dB.,"https://www.innosilicon.com,https://www.asicminervalue.com/manufacturers/innosilicon,https://www.asicminervalue.com/miners/t3-43t"
innosilicon,Innosilicon T3 50T,T3 50T,T3 Series,air,3,52.0,2800,53.85,—,—,2019-05-01,False,AMV listed as 52TH@2800W. Noise 72dB.,"https://www.innosilicon.com,https://www.asicminervalue.com/manufacturers/innosilicon,https://www.asicminervalue.com/miners/t3-50t"
innosilicon,Innosilicon T3+ 52T,T3+ 52T,T3 Series,air,3,52.0,3200,61.54,—,—,2018-09-01,False,Noise 72dB.,"https://www.innosilicon.com,https://www.asicminervalue.com/manufacturers/innosilicon,https://www.asicminervalue.com/miners/t3-52t"
innosilicon,Innosilicon T3+ 57T,T3+ 57T,T3 Series,air,3,57.0,3300,57.89,—,—,2019-07-01,False,Noise 75dB.,"https://www.innosilicon.com,https://www.asicminervalue.com/manufacturers/innosilicon,https://www.asicminervalue.com/miners/t3-57t"
ebang,Ebang Ebit E9+ (9 TH),E9+,Ebit E9 Series,air,3,9.0,1300,144.44,—,—,2018-01-01,False,Noise 75dB.,"https://www.ebang.com.cn,https://www.asicminervalue.com/manufacturers/ebang,https://www.asicminervalue.com/miners/ebit-e9"
ebang,Ebang Ebit E9.2 (12 TH),E9.2,Ebit E9 Series,air,3,12.0,1320,110.0,—,—,2018-09-01,False,Noise 75dB.,"https://www.ebang.com.cn,https://www.asicminervalue.com/manufacturers/ebang,https://www.asicminervalue.com/miners/ebit-e9-2"
ebang,Ebang Ebit E9.3 (16 TH),E9.3,Ebit E9 Series,air,3,16.0,1760,110.0,—,—,2018-05-01,False,Noise 72dB.,"https://www.ebang.com.cn,https://www.asicminervalue.com/manufacturers/ebang,https://www.asicminervalue.com/miners/ebit-e9-3"
ebang,Ebang Ebit E9i (13.5 TH),E9i,Ebit E9 Series,air,3,13.5,1420,105.19,—,—,2018-07-01,False,Noise 74dB.,"https://www.ebang.com.cn,https://www.asicminervalue.com/manufacturers/ebang,https://www.asicminervalue.com/miners/ebit-e9i"
ebang,Ebang Ebit E10 (18 TH),E10,Ebit E10 Series,air,3,18.0,1650,91.67,—,—,2018-02-01,False,Noise 75dB.,"https://www.ebang.com.cn,https://www.asicminervalue.com/manufacturers/ebang,https://www.asicminervalue.com/miners/ebit-e10"
ebang,Ebang Ebit E10D (25 TH),E10D,Ebit E10 Series,air,3,25.0,3500,140.0,—,—,2021-09-01,False,Noise 75dB.,"https://www.ebang.com.cn,https://www.asicminervalue.com/manufacturers/ebang,https://www.asicminervalue.com/miners/ebit-e10d"
ebang,Ebang Ebit E11 (30 TH),E11,Ebit E11 Series,air,3,30.0,1950,65.0,—,—,2018-10-01,False,Noise 75dB.,"https://www.ebang.com.cn,https://www.asicminervalue.com/manufacturers/ebang,https://www.asicminervalue.com/miners/ebit-e11"
ebang,Ebang Ebit E11++ (44 TH),E11++,Ebit E11 Series,air,3,44.0,1980,45.0,—,—,2018-10-01,False,Noise 75dB.,"https://www.ebang.com.cn,https://www.asicminervalue.com/manufacturers/ebang,https://www.asicminervalue.com/miners/ebit-e11-2"
ebang,Ebang Ebit E12 (44 TH),E12,Ebit E12 Series,air,3,44.0,2500,56.82,—,—,2019-09-01,False,Noise 75dB.,"https://www.ebang.com.cn,https://www.asicminervalue.com/manufacturers/ebang,https://www.asicminervalue.com/miners/ebit-e12"
ebang,Ebang Ebit E12+ (50 TH),E12+,Ebit E12 Series,air,3,50.0,2500,50.0,—,—,2019-09-01,False,Noise 75dB.,"https://www.ebang.com.cn,https://www.asicminervalue.com/manufacturers/ebang,https://www.asicminervalue.com/miners/ebit-e12-1"
strongu,StrongU Hornbill H8 Pro (84 TH),H8 Pro,Hornbill H8 Series,air,3,84.0,3360,40.0,—,—,2021-07-01,False,Noise 76dB.,"https://www.strongu.com.cn,https://www.asicminervalue.com/manufacturers/strongu,https://www.asicminervalue.com/miners/hornbill-h8-pro"
strongu,StrongU Hornbill H8 (74 TH),H8,Hornbill H8 Series,air,3,74.0,3330,45.0,—,—,2020-10-01,False,Noise 76dB.,"https://www.strongu.com.cn,https://www.asicminervalue.com/manufacturers/strongu,https://www.asicminervalue.com/miners/hornbill-h8"
strongu,StrongU STU-U1 (44 TH),STU-U1,STU-U Series,air,3,44.0,2200,50.0,—,—,2019-10-01,False,Noise 76dB.,"https://www.strongu.com.cn,https://www.asicminervalue.com/manufacturers/strongu,https://www.asicminervalue.com/miners/stu-u1"
strongu,StrongU STU-U1+ (52 TH),STU-U1+,STU-U Series,air,3,52.0,2200,42.31,—,—,2019-11-01,False,Noise 76dB.,"https://www.strongu.com.cn,https://www.asicminervalue.com/manufacturers/strongu,https://www.asicminervalue.com/miners/stu-u1-1"
strongu,StrongU STU-U1++ (60 TH),STU-U1++,STU-U Series,air,3,60.0,2800,46.67,—,—,2019-07-01,False,Noise 76dB.,"https://www.strongu.com.cn,https://www.asicminervalue.com/manufacturers/strongu,https://www.asicminervalue.com/miners/stu-u1-2"
strongu,StrongU STU-U2 (74 TH),STU-U2,STU-U Series,air,3,74.0,3330,45.0,—,—,2020-10-01,False,Noise 76dB.,"https://www.strongu.com.cn,https://www.asicminervalue.com/manufacturers/strongu,https://www.asicminervalue.com/miners/stu-u2"
strongu,StrongU STU-U6 (84 TH),STU-U6,STU-U Series,air,3,84.0,3360,40.0,—,—,2021-07-01,False,Noise 76dB.,"https://www.strongu.com.cn,https://www.asicminervalue.com/manufacturers/strongu,https://www.asicminervalue.com/miners/stu-u6"
strongu,StrongU STU-U8 (46 TH),STU-U8,STU-U Series,air,3,46.0,2100,45.65,—,—,2019-07-01,False,Noise 76dB.,"https://www.strongu.com.cn,https://www.asicminervalue.com/manufacturers/strongu,https://www.asicminervalue.com/miners/stu-u8"
strongu,StrongU STU-U8 Pro (60 TH),STU-U8 Pro,STU-U Series,air,3,60.0,2800,46.67,—,—,2019-09-01,False,Noise 76dB.,"https://www.strongu.com.cn,https://www.asicminervalue.com/manufacturers/strongu,https://www.asicminervalue.com/miners/stu-u8-pro"
bitfury,Bitfury B8 (49 TH),B8,Bitfury B-Series,air,8,49.0,6400,130.61,BF8301V,16nm,2017-12-01,False,"8 hashboards, enterprise miner. Noise 85dB.","https://bitfury.com,https://www.asicminervalue.com/manufacturers/bitfury,https://www.asicminervalue.com/miners/b8"
bitfury,Bitfury Tardis (80 TH),Tardis,Bitfury Tardis Series,air,8,80.0,6300,78.75,BF8301V,16nm,2018-11-01,False,Enterprise miner. Noise 75dB.,"https://bitfury.com,https://www.asicminervalue.com/manufacturers/bitfury,https://www.asicminervalue.com/miners/tardis"
halong,Halong Mining DragonMint T1 (16 TH),DragonMint T1,DragonMint Series,air,3,16.0,1480,92.5,DM8575,16nm,2018-03-01,False,Company went silent after 2018. First SHA-256 miner to challenge Bitmain directly.,"https://halongmining.com,https://hashrateindex.com"
kncminer,KnCMiner Neptune (3 TH),Neptune,KnC Neptune Series,air,1,3.0,2100,700.0,—,28nm,2014-01-01,False,Defunct company (2016). 28nm chip.,"https://en.bitcoin.it/wiki/KnCMiner,https://hashrateindex.com"
kncminer,KnCMiner Titan (300 GH/s),Titan,KnC Titan Series,air,1,0.3,250,833.33,—,28nm,2013-01-01,False,Defunct company (2016).,"https://en.bitcoin.it/wiki/KnCMiner,https://hashrateindex.com"
kncminer,KnCMiner Solar (400 GH/s),Solar,KnC Solar Series,air,1,0.4,250,625.0,—,28nm,2014-01-01,False,Defunct company (2016). Solar series.,"https://en.bitcoin.it/wiki/KnCMiner,https://hashrateindex.com"
spondoolies,Spondoolies-Tech SP20 Jackson (1.3 TH),SP20,SP Series,air,2,1.3,1100,846.15,—,28nm,2014-01-01,False,Defunct company (2016).,https://en.bitcoin.it/wiki/Spondoolies-Tech
spondoolies,Spondoolies-Tech SP31 Yukon (4.6 TH),SP31,SP Series,air,4,4.6,2400,521.74,—,28nm,2015-01-01,False,Defunct company (2016).,https://en.bitcoin.it/wiki/Spondoolies-Tech
spondoolies,Spondoolies-Tech SP35 Yukon (5.5 TH),SP35,SP Series,air,4,5.5,3500,636.36,—,28nm,2016-01-01,False,Defunct company (2016).,https://en.bitcoin.it/wiki/Spondoolies-Tech
butterfly_labs,Butterfly Labs Jalapeno (7 GH/s),Jalapeno,BFL Legacy,air,1,0.007,7,1000.0,—,65nm,2013-01-01,False,Defunct/sued by FTC. First consumer SHA-256 ASIC.,https://en.bitcoin.it/wiki/Butterfly_Labs
butterfly_labs,Butterfly Labs Single SC (60 GH/s),Single SC,BFL Legacy,air,1,0.06,60,1000.0,—,65nm,2013-01-01,False,Defunct/sued by FTC.,https://en.bitcoin.it/wiki/Butterfly_Labs
butterfly_labs,Butterfly Labs Monarch (700 GH/s),Monarch,BFL Monarch,air,2,0.7,350,500.0,—,28nm,2014-01-01,False,Defunct/sued by FTC. Final BFL product.,https://en.bitcoin.it/wiki/Butterfly_Labs
