entity,Model,ASIC Chip,Process Node,Chips/Board,Total Chips,Hashboard Count,Hashboard Part No.,Control Board,PSU Model,PSU Wattage,Fan Count,Fan Model/Size,Noise (dB),Dimensions (LxWxH mm),Weight (kg),Voltage Range,Max Current,Operating Temp,Humidity Range,Network Interface,Certifications,MSRP (USD),Release Date,Stock Hashrate (TH/s),Stock Power (W),Efficiency (J/TH),Known Issues,Real-World Performance Notes,Replacement Part Numbers,Firmware Compatibility,Cooling System Details,Articles & References (URLs),Community Discussions,Additional Notes
Bitmain Antminer S21 EXP Hydro 430TH specs parts known issues,Bitmain Antminer S21e XP Hyd 430TH,BM1370 (assumed same as S21 XP Hyd),5nm (per S21 series reference),91,273,3,H6HB70XX (S21 XP Hyd series; exact for 430TH variant TBD),C59/C89 (Amlogic-based for Hydro series),Integrated 3-phase; no specific APW model listed,~6000W (adapted for 5590W draw),"0 (hydro-cooled, no fans)",N/A (liquid cooling),~50 dB (estimated from similar hydro models),339 x 173 x 207,13.8,"380-415V AC, 3-phase",12A,20-50°C (inlet coolant temp),10-90% RH (non-condensing),RJ45 Ethernet 10/100M,Not specified in sources,"$9,245 (Bitmain spot price)",November 2024,430 ±3%,5590 ±5W @35°C,13 J/TH,Coolant contamination leading to corrosion; fitting leaks; hashboard/ASIC failures similar to air-cooled; requires 3-phase high voltage (not home-friendly),"Matches specs within ±3-5%; stable under proper hydro setup; no specific 430TH user reports found, but series reliable with good cooling","BM1370 ASICs, LDOs, temp sensors; hashboards H6HB70XX; control C59/C89 [Zeus Mining](https://www.zeusbtc.com), [BT-Miners](https://bt-miners.com)","Stock Bitmain; Braiins OS+, VNish, LuxOS (S21 series support)","Hydro/liquid cooling: 8-10 L/min flow, ≤3.5 bar, OD10mm connectors, antifreeze/pure/deionized water (pH 7-9.5), direct chip cold plates","[BT-Miners specs](https://bt-miners.com/products/bitmain-antminer-s21-e-xp-hyd-bitcoin-miner-430th-s-bt-miners/), [Bitmain S21 XP Hyd](https://support.bitmain.com/hc/en-us/articles/34523540504857-S21-XP-Hyd-Specification), [D-Central review](https://d-central.tech/antminer-s21-xp-review/), [AsicMinerValue](https://www.asicminervalue.com), [Zeus Mining](https://www.zeusbtc.com/manuals/5895-antminer-s21-xp-hydro-h6hb7051-repair-guide), [CryptoMinerBros](https://www.cryptominerbros.com/product/bitmain-antminer-s21e-xp-hydro-bitcoin-miner/)","[Reddit S21 series reliability](https://www.reddit.com/r/BitcoinMining/comments/1q3kwu0/antminer_s21_reliability_anyone_else_seeing_high/), [r/BitcoinMining S21 power](https://www.reddit.com/r/BitcoinMining/comments/1akm2na/i_got_my_hands_on_an_s21_here_is_the_real_power/); limited S21e XP Hyd specific",Likely detuned S21 XP Hyd (473TH/12J) for 430TH/13J; PSU not separately specified (integrated); no fan/noise N/A but low due to hydro; certifications unspecified
Bitmain Antminer S21 200TH specs parts chip hashboard PSU,Bitmain Antminer S21 (200TH),"BM1368 (variants: AA, PA, PB)",5nm,108,324,3,BHB68603 (one known version),Amlogic A113D (C76C81),APW17 (4000W adapted),"4000W adapted, 3500W typical",4,"120mm (QFR1212HE-00, 6400RPM)",76 dBA @25-30°C (max),400 x 195 x 290 (w/o packaging),15.4 (net),220-277V AC,"20A (10A per wire, two wires)",0-45°C,10-90% RH (non-condensing),RJ45 Ethernet 10/100M,Not specified in sources,Not specified; secondary market ~$2000-2500,"Announced Sep 2023, shipping Jan 2024",200 TH/s (±3%),3500 W (±5%),17.5 J/TH,"Hashboard failures, sensitivity to humidity/dust, control board/PSU faults, overheating if poor cooling, warranty repair issues with Bitmain classifying as unrepairable","Stock: ~198-205 TH/s @ ~3500-3900W (18-19.5 J/TH in some tests, worse in cold/high ambients); Braiins OS: 17.6 J/TH default, better OC; underperforms spec in air-cooling vs ideal","Hashboards (BHB68603), ASIC BM1368 AA/PA/PB, fans QFR1212HE-00, control A113D, PSU APW17-1215","Stock Bitmain, Braiins OS+ (improved perf), LuxOS, VNish, NiceHash/MARAFW; custom FW for missing boards/OC","Air-cooled: 4x 120mm high-speed fans (max 380 CFM), dual aluminum heatsinks; improved per-chip temp sensors vs S19","[Bitmain S21 Manual](https://www.zeusbtc.com/manuals/user-manuals/Antminer%20S21%20Manual.pdf), [Bitmain User Guide](https://file12.bitmain.com/shop-product-s3/firmware/c17a60d7-51c8-41a3-8365-b7e5d1506caa/2025/04/10/14/S21%20User%20Guide-V1.2.5.pdf), [Braiins Teardown](https://braiins.com/blog/antminer-s21-technical-deep-dive), [D-Central Review](https://d-central.tech/antminer-s21-review/), [Hashrate Index S21](https://hashrateindex.com/blog/what-is-the-antminer-s21-everything-to-know-about-bitmains-latest-asic-miner/), [Zeus Mining Parts](https://www.zeusbtc.com/ASIC-Miner-Repair/Parts-Tools-Details.asp?ID=3634)","[Reddit S21+ failures](https://www.reddit.com/r/BitcoinMining/comments/1q3kwu0/antminer_s21_reliability_anyone_else_seeing_high/), [Reddit FW discussion](https://www.reddit.com/r/BitcoinMining/comments/1eg1vcw/braiins_ospool_vs_luxor_ospool/), [Bitcointalk S21 XP network](https://bitcointalk.org/index.php?topic=5536229.0), [Reddit S21 errors](https://www.reddit.com/r/BitcoinMining/comments/1h53zlv/error_that_ive_never_seen_before_antminer_s21/)","Hydro variant (S21 Hyd) exists with 335 TH/s @5360W, different dims; efficiency harder to hit in real air-cooling (needs immersion for spec); 324 chips total confirmed by teardown; no explicit certifications found"
Bitmain Antminer S21 Pro 234TH specs parts chip hashboard PSU,Bitmain Antminer S21 Pro (234TH/s),"BM1370 (variants: BM1370AA, BB, BC, PA, PB)",5nm,65 (some sources claim ~104),195 (some sources claim ~312),3,BHB68603 (test file ref); repair kits available,Amlogic A113D (A113D V1.0 / C76C81),"APW17 series (APW171215a/b/c, 12V-15V output)",~4000W adapted (3510W typical draw),4,140mm high-pressure fans,76 dBA @25-30°C,450 x 219 x 293 mm (w/o packaging),18.5-20 kg net,220-277V AC,20A,-20 to 45°C,10-90% RH (non-condensing),RJ45 Ethernet 10/100M,Not specified in sources,"$18.9/TH (~$4,423 USD at launch)","March/April 2024 (announced March 29, 2024; shipping Q3 2024)",234 TH/s (±3%),3510 W (±5%),15 J/TH,"Loud operation (vacuum cleaner level); requires 240V/30A circuit (no 120V); thermal throttling at high ambient temps (45°C); integrated PSU may complicate repairs; occasional EEPROM read failures on hashboards; standard Bitmain issues like fan errors, low hash rate from chip failures",Avg 232 TH/s (230-236 TH/s range); power 3485W; efficiency 15 J/TH; low HW errors (0.01%); consistent across 5-45°C ambient with throttling at high end [D-Central review](https://d-central.tech/antminer-s21-pro-review/),"BM1370BC ASIC chips; A113D control board; APW17 PSU (1215 variants); hashboard repair kits (LDOs, EEPROM, sensors); fans [Zeus Mining](https://www.zeusbtc.com/ASIC-Miner-Repair/Parts-Tools-Details.asp?ID=3758), [CryptoMinerBros](https://www.cryptominerbros.com/product/bitmain-antminer-a113d-v1-control-board/)","Stock Bitmain; Braiins OS+ (improves efficiency to ~14.1 J/TH, +6%; supports S21 Pro); LuxOS (18%+ gain via underclock); VNish/Hiveon possible with downgrades [Braiins](https://braiins.com/os-firmware/download)","Air-cooled: 4x 140mm fans (front intake/rear exhaust, dual config); front-to-back airflow; compatible with ducting adapters; lower RPM than 120mm for same airflow","[Bitmain Support](https://support.bitmain.com/hc/en-us/articles/31321354157593-S21-Pro-Specification), [Hashrate Index](https://hashrateindex.com/blog/hardware-overview-bitmains-antminer-s21-pro/), [D-Central](https://d-central.tech/antminer-s21-pro-review/), [BT-Miners](https://bt-miners.com/products/bitmain-antminer-s21-pro-bitcoin-miner-234th-s-bt-miners/), [Bitcoin Magazine launch](https://bitcoinmagazine.com/business/bitmain-launches-antminer-s21-pro-advanced-bitcoin-mining), [Zeus Mining](https://www.zeusbtc.com/Asic-Miner/Asic-Miner-Details.asp?ID=3480), [CryptoMinerBros](https://www.cryptominerbros.com/product/bitmain-antminer-s21-pro-bitcoin-miner-234th-s/)","[Reddit: Braiins firmware on S21 Pro](https://www.reddit.com/r/BitcoinMining/comments/1gfqe1l/braiins_pool_s21_pro_firmware_possible_scam/), [Reddit S21 teardown (related)](https://www.reddit.com/r/BitcoinMining/comments/1cg28pb/antminer_s21_teardown_deep_dive_into_the_hardware/)",Chip count inconsistent across sources (195 vs ~312 total); PSU integrated in some listings (heavier weight); variants at 220/245 TH/s exist; profitable at <$0.10/kWh electricity; altitude derating above 900m
Bitmain Antminer S23 specs parts chip BM1370 hashboard,Bitmain Antminer S23 (Air-cooled 318TH/s),"BM1370 (assumed, based on S21/S21XP series progression)",3nm,Unknown (likely ~114-126 like recent models),Unknown (3 hashboards),3,Unknown,Amlogic-based (likely similar to S21 series),"APW12 or APW121215 series (12V-15V, ~3600W+)",~3600W (supports 3498W),4,Unknown,75-76 dB,450x219x293,21.5,220-277V AC (1-phase),20A,-20 to 45°C,10-90% RH (non-condensing),RJ45 Ethernet 10/100M,"Unknown (likely FCC, CE, RoHS)","$8,268 (retail example, varies)","Announced May 2025, shipping Jan 2026",318 TH/s ±3%,3498 W ±5% (@25°C),11 J/TH ±5% (@25°C),"New model; production delays rumored; general Antminer issues like hashboard failures, PSU instability, thermal stress possible; no widespread reports yet [BT-Miners](https://bt-miners.com), [Reddit](https://reddit.com)","Stable at spec per early tests; S21XP tuned to ~286-287 TH/s @ ~13 J/TH on alt firmware comparable; no extensive S23 data yet [Bitkern](https://bitkern.com), [Forbes](https://forbes.com)","BM1370 ASIC chips (variants AA,BB,BC,PA,PB); hashboards, control boards available from Zeus Mining etc. [ZeusBTC](https://zeusbtc.com)","Stock; Braiins OS+ beta support; VNish, LuxOS likely (S21 compatible) [Braiins](https://braiins.com), [D-Central](https://d-central.tech)","Air-cooled with 4 fans; Hydro variant: direct-to-chip water cooling, 8-10L/min flow, ≤3.5 bar, 20-50°C coolant; Immersion variant available [BT-Miners](https://bt-miners.com), [CryptoMinerBros](https://cryptominerbros.com)","[BT-Miners Specs](https://bt-miners.com/products/bitmain-antminer-s23-bitcoin-miner-318th-s-bt-miners/), [Bitkern Comparison](https://www.bitkern.com/en/blog/antminer-s23-vs-earlier-generations-performance-efficiency-and-roi-compared), [Forbes Announcement](https://www.forbes.com/sites/colinharper/2025/05/31/bitmain-reveals-the-antminer-s23-the-most-powerful-bitcoin-miner-ever/), [AsicMinerValue](https://www.asicminervalue.com), [Zeus Mining](https://www.zeusbtc.com), [D-Central](https://d-central.tech)","[Bitcointalk S23 Hydro](https://bitcointalk.org/index.php?topic=5544714.0), [Reddit Production Concerns](https://www.reddit.com/r/BitcoinMining/comments/1qdyjkf/i_would_not_be_suprised_if_the_s23_is_cancelled/), [Reddit Where are S23s](https://www.reddit.com/r/BitcoinMining/comments/1qtwqw9/where_are_the_s23s/)","Multiple variants: Air 318TH/s 11J/TH, Hyd 580TH/s 9.5J/TH, Imm 442TH/s ~12J/TH, Hyd3U 1160TH/s 9.5J/TH. Focus on air-cooled standard model. Chip/process from progression & 3nm claims; detailed teardown lacking as new model. Bitmain warranty 365 days new. [BT-Miners](https://bt-miners.com), [Bitkern](https://bitkern.com)"
Bitmain Antminer S23 Pro specs parts chip hashboard,Bitmain Antminer S23,BM137x series (likely BM1370 or newer); 5nm process (sources vary 3nm-5nm),5nm (confirmed multiple sources; some claim 3nm or 4N),Unknown (no teardown found; est. 100-120 based on prior models like S21),Unknown,3,Unknown,C89 or similar (for Hydro variant; air-cooled likely similar to S21 series),APW12 or APW15 (assumed based on power; not explicitly listed; PSU included),3600W+,4,Unknown size (likely 12038 or 14038 based on prior Antminers),75 dB,449 x 219 x 293 (w/o packaging),15.8,220-277V or 380-415V (3-phase for some variants),20A,-20 to 45 °C (operation); 5-45 °C common,10-90% RH (non-condensing),RJ45 Ethernet 10/100M,"Not specified (likely FCC, CE, RoHS)","$8,000-$9,000 (reseller prices; official ~$25/TH)","Announced May 27, 2025; shipping Jan 2026",318 TH/s,3498 W,11 J/TH,New model (2026 ship); potential delays/cancellations speculated [Reddit](https://www.reddit.com/r/BitcoinMining/comments/1qdyjkf/i_would_not_be_suprised_if_the_s23_is_cancelled/); general Bitmain hashboard failures in prior models; hydro variants require 3-phase/custom cooling,"Expect ±3% hashrate, ±5% power variation; higher power in warm envs (e.g. S21 analogs 15-16 J/TH at 35°C); [YouTube tests on similar](https://www.youtube.com/watch?v=E_buHt3qqCs)",Hashboards/chips via [Zeus Mining](https://www.zeusbtc.com); control boards C59/C89 for Hydro,"Stock Bitmain; LuxOS (up to 8.5% eff gain) [HashrateIndex](https://hashrateindex.com); Braiins OS+, VNish expected","Air-cooled (4 fans); Hydro/IMM variants: liquid cooling, lower noise <65dB, coolant specs for Hydro","[Hashrate Index S23](https://hashrateindex.com/rigs/antminer-s23), [Forbes Announce](https://www.forbes.com/sites/colinharper/2025/05/31/bitmain-reveals-the-antminer-s23-the-most-powerful-bitcoin-miner-ever/), [AsicMarketplace Specs](https://asicmarketplace.com/product/bitmain-antminer-s23-bitcoin-miner/), [BT-Miners](https://bt-miners.com/products/bitmain-antminer-s23-bitcoin-miner-318th-s-bt-miners/), [ZeusBTC](https://www.zeusbtc.com/Asic-Miner/Asic-Miner-Details.asp?ID=3903), [CryptoMinerBros](https://www.cryptominerbros.com/product/bitmain-antminer-s23-bitcoin-miner/)","[Bitcointalk S23 Hydro Thread](https://bitcointalk.org/index.php?topic=5544714.0), [Reddit S23 Cancel Speculation](https://www.reddit.com/r/BitcoinMining/comments/1qdyjkf/i_would_not_be_suprised_if_the_s23_is_cancelled/)",No S23 Pro found; assumes air-cooled S23 (318TH); Hydro 580TH/9.5J/TH; IMM 442TH; 3U Hyd 1160TH. Chip details sparse (new model). Prices/resale vary. Bitmain site has S23 Hyd banner but no full air spec page fetched.
Bitmain Antminer S21+ specs parts chip hashboard,Bitmain Antminer S21+,BM1370 series (BM1370BC/AA/PA/PB),5nm,95 (Hydro variant; air-cooled likely similar or 108 like S21),285 (Hydro; air-cooled est. 324),3,H6HB70701 (Hydro),Amlogic A113D,APW17 series or APW11 (Hydro),~4000W adapted,4,"14038 or 12038, 6400 RPM",76 dB,450 x 219 x 293,21.5,220-277V,20A,-20~45 °C,10~90% RH (non-condensing),RJ45 Ethernet 10/100M,"FCC, CE, RoHS, CB, EAC, cTUVus [Bitmain Support](https://support.bitmain.com)",$4644 (promo $3240),February 2025,216 TH/s (up to 235 TH/s),3564 W (up to 3878 W),16.5 J/TH,"Hashboard failures, chip defects requiring repair; fan/temps swings on some firmware [Reddit](https://www.reddit.com/r/BitcoinMining)",Typically matches specs ±3-5%; stock ~216 TH/s @ ~3564W; overclock possible with alt firmware,"BM1370 ASIC chips, LDOs, level shifters, A113D control board, APW17 PSU, 12038/14038 fans [Zeus Mining](https://www.zeusbtc.com), [Asic Marketplace](https://asicmarketplace.com)","Stock Bitmain, Braiins OS+, VNish, LuxOS (may require downgrade for compatibility)",Air-cooled with 4 fans; Hydro variant available with water-cooling,"[Bitmain Shop](https://shop.bitmain.com/product/detail?pid=00020250115153259175iVOju9WS06C6), [Manual PDF](https://cdn.webshopapp.com/shops/353164/files/471607286/s21-product-manual-v106.pdf), [Hashrate Index](https://hashrateindex.com/rigs/bitmain-antminer-s21plus), [Zeus Repair Guide](https://www.zeusbtc.com/manuals/5772-antminer-s21-plus-hydro-hash-board-repair-guide), [D-Central Review](https://d-central.tech/antminer-s21-pro-review/), [CryptoMinerBros](https://www.cryptominerbros.com/product/bitmain-antminer-s21-plus-bitcoin-miner/)","[Reddit Braiins S21+](https://www.reddit.com/r/Braiins/comments/1o8mr4o/solution_found_for_s21_no_compatible_devices/), [Reddit S21 Pro issues](https://www.reddit.com/r/BitcoinMining/comments/1fhe9dc/issues_with_s21_pro_latest_firmware/), BitcoinTalk forums (general S21 series discussions)","Specs for 216T variant; higher modes 225/235T; Hydro variant uses 95 BM1370/chip board (19x5), air-cooled chip count unconfirmed but likely higher density like S21's 108/board; PSU not bundled, external recommended; efficiency improves with alt firmware/autotuning."
Bitmain Antminer S21 XP 270TH specs parts chip BM1370,Bitmain Antminer S21 XP (270TH),BM1370,5nm,91,364,4,Not specified,Amlogic A113D,APW17 series (APW171215),Adapted 4000W,4,"Delta PFM1412DE-SP02 140x38mm, 12V 7.5A, 6400-7000 RPM",76 dBA,449 x 219 x 293 (without packaging),18.7,"220-277V AC, 50-60 Hz",20A (single-phase AC input),-20 to 45°C,10-90% RH (non-condensing),RJ45 Ethernet 10/100M,"FCC, ICES-003(A)/NMB-003(A), EU DoC (2014/35/EU, 2014/30/EU, 2011/65/EU), Taiwan RoHS","$3,300-$8,000 (varies by seller, ~$12-30/TH)","June 2024 (announcement), Oct 2024 (first batch)",270 TH/s (±3%),3645 W (±5%),13.5 J/TH,"Hashboard failures (R1:1 etc.), fan failures (F1:1 etc.), low hashrate (J codes), power supply errors (V codes), high temp protection (P:1), PIC/EEPROM errors on chains. Early fan issues reported.",Typically meets specs: ~270 TH/s at ~3645W; some report stable 204 TH/s at 3621W on similar S21. Efficiency holds in reviews.,"Hashboards (Zeus Mining), BM1370BC chips, APW17 PSU, A113D control board, Delta 140mm fans, various LDO/EEPROM/sensor chips.","Stock Bitmain; Braiins OS+, VNish, LuxOS (all support S21 XP with autotuning/OC).","Air cooling with 4 high-speed fans (480 CFM max), auto fan speed control. Enhanced for heat dissipation.","[Bitmain Support Specs](https://support.bitmain.com/hc/en-us/articles/35383015643673-S21-XP-Specifications), [S21 XP User Guide](https://file12.bitmain.com/shop-product-s3/firmware/dd536294-abad-40ec-b79c-7f822c465923/2025/03/20/17/S21%20XP%20User%20Guide-V1.0.7.pdf), [Hashrate Index](https://hashrateindex.com/rigs/bitmain-antminer-s21-xp), [D-Central S21 XP Hyd](https://d-central.tech/antminer-s21-xp-review/), [Braiins S21 Dive](https://braiins.com/blog/antminer-s21-technical-deep-dive), [Zeus Mining Parts](https://www.zeusbtc.com/Asic-Miner/Asic-Miner-Details.asp?ID=3602), [CryptoMinerBros](https://www.cryptominerbros.com/product/bitmain-antminer-s21-xp-bitcoin-miner/)","[Reddit S21 Power Draw](https://www.reddit.com/r/BitcoinMining/comments/1akm2na/i_got_my_hands_on_an_s21_here_is_the_real_power/), [Bitcointalk S21](https://bitcointalk.org/index.php?topic=5465088.60), [Reddit S21 Teardown](https://www.reddit.com/r/BitcoinMining/comments/1cg28pb/antminer_s21_teardown_deep_dive_into_the_hardware/), [Bitcointalk S21 XP Network](https://bitcointalk.org/index.php?topic=5536229.0)",4 hashboards (Chains 1-4). Chip count estimated from reviews (91/board x4=364). Process node ~5nm per sources. Altitude ≤2000m. Warranty 365 days from Bitmain.
Bitmain Antminer S19 XP 140TH specs parts chip BM1366 hashboard PSU known issues,Bitmain Antminer S19 XP 140TH,BM1366 (AL variant),5nm,110,330,3,BHB56801,7007V (Amlogic or Xilinx Zynq variants),APW12 1417 (a/b),"~3500W (3010W miner draw, 14-17V 182A max)",4,High-speed fans (size unspecified),75 dB,400 x 195 x 290,14.4,200-240V AC,"~15.5A (per input, dual 10A max)",0-40°C (5-45°C per sources),10-90% RH (non-condensing),Ethernet RJ45 10/100M,Not specified,"$10,500 (bulk preorder $75/TH)",July 2022,140 TH/s (±5% 141 TH/s),3010 W (±5%),21.5 J/TH,"BM1366 chip degradation/failures, hashboard solder joint cracks, fan bearing wear, dust accumulation causing overtemps, control board power surge damage, ribbon cable issues",Typically meets or slightly under specs (e.g. 134-141 TH/s); custom FW like Braiins/VNish/LuxOS can tune +3-10% hashrate at similar efficiency,"BM1366AL chips, BHB56801 hashboards, APW121417a/b PSUs, 7007V control boards, fans, S75 temp sensors, MP2019 LDOs","Stock Bitmain; Braiins OS+, VNish 1.2.7, LuxOS; requires board-specific images (Amlogic may need unlock post-2024)","Air-cooled: 4 high-speed fans; Hydro variant exists (255 TH/s @5304W, 20.8 J/TH, water 20-40°C 8-10L/min)","[D-Central Specs](https://d-central.tech/antminer-s19-xp-specs/), [Hashrate Index](https://hashrateindex.com/blog/bitmains-antminer-s19xp-new-bitcoin-miner/), [Zeus Mining PSU](https://www.zeusbtc.com/ASIC-Miner-Repair/Parts-Tools-Details.asp?ID=1482), [Asic Marketplace](https://asicmarketplace.com/product/bitmain-antminer-s19-xp-140th/), [D-Central Firmware](https://d-central.tech/antminer-s19-firmware-guide-vnish-braiins-luxos/)","[Reddit S19XP Error](https://www.reddit.com/r/BitcoinMining/comments/15m11nf/ant_miner_s19xp_error_help/), [Bitcointalk Chip Counts](https://bitcointalk.org/index.php?topic=5478369.0), [Reddit Overheat](https://www.reddit.com/r/BitcoinMining/comments/1axosfo/installed_fan_shrouds_and_a_8_inline_fan_but_the/)","Chip count ~300 per D-Central, precise 110x3=330 per forums; hydro cooling for higher hashrate variants; efficiency leader in S19 series"
Bitmain Antminer S19j Pro+ 122TH specs parts chip hashboard PSU,Bitmain Antminer S19j Pro+ 122TH,BM1362BD,"7nm (assumed, same as prior S19 series)",126,378,3,"BHB426xx (e.g., BHB42601, BHB42612, BHB42621, BHB42631)",Amlogic / Xilinx / BeagleBone Black,"APW12 (e.g., APW121215)",~3600W max,4,"120x38mm, 12V 2.4A",75dB,400x195x290,13.2-13.7,200-277V AC,20A per wire (two wires),0-40°C,10-90% RH (non-condensing),Ethernet RJ45 10/100M,N/A,"~$15,000 (historical; current secondary ~$420)",December 2022,122 ±5% TH/s,3355 ±5% W,27.5 ±5% J/TH,"0 ASIC detection (cable/hashboard faults), intermittent shutdowns, control board firmware flashing risks, hashboard failures under high temp","Stock ~122TH/3355W; tunable to 109-140TH with alt firmware (e.g., Braiins +2 profile ~110TH, user OC 125-132TH @3500-4250W); efficiency improvable to ~24J/TH underclocked","BM1362BD ASIC chips, hashboards (BHB426xx), APW12 PSU, control boards, data cables, LDO regulators (VGML AAH6), temp sensors (LM75A)","Stock Bitmain, Braiins OS+ (Amlogic/Xilinx/BBB/CV1835), VNish, LuxOS; SD card flashing for BBB/Xilinx","Air-cooled: 4 high-CFM axial fans (2 intake/2 exhaust), modular finned heatsinks (bolted for serviceability/immersion retrofit); no hydro variant noted","[Bitmain Support](https://support.bitmain.com/hc/en-us/articles/18416393681945-S19j-Pro-Specifications), [Hashrate Index S19j Pro Review](https://hashrateindex.com/blog/the-ultimate-hardware-review-bitmain-antminer-s19j-pro/), [Zeus Mining BM1362BD](https://www.zeusbtc.com/ASIC-Miner-Repair/Parts-Tools-Details.asp?ID=2988), [X-ON Specs](https://xonmining.com/product/antminer-s19j-pro/), [BT-Miners](https://bt-miners.com/products/bitmain-antminer-s19j-pro-bitcoin-miner-117-120th-s-bt-miners/), [D-Central](https://d-central.tech/product/bitmain-antminer-s19j-pro-2/)","[Reddit S19j Pro Issues](https://www.reddit.com/r/BitcoinMining/comments/1p65zlk/antminer_s19j_pro_issues/), [Bitcointalk Braiins Thread](https://bitcointalk.org/index.php?topic=5412808.100), [Reddit OC S19j Pro](https://www.reddit.com/r/BitcoinMining/comments/rlot49/the_s19j_pro_overclock_exists_and_i_tried_it/), [Zeus 0 ASIC Troubleshooting](https://www.zeusbtc.com/articles/asic-miner-troubleshooting/5737-antminer-s19j-pro-plus-reports-0-asic-troubleshooting)","122TH variant aligns with market listings (e.g., ZeusBTC, asicminervalue); similar hardware to S19j Pro (100TH) but factory-tuned higher; process node not explicitly confirmed for BD variant (S19 series generally 7nm); no official Bitmain 122TH spec sheet found, but consistent across resellers; suitable for immersion retrofits"
Bitmain Antminer S19 Hydro 151TH specs parts chip hashboard cooling known issues,Bitmain Antminer S19 Hydro 151TH,BM1398 (7nm),7nm,104,416 (4 hashboards),4,HHB28601,Hydro series control board (V2.2040 in test fixture),APW11 (e.g. APW111721a/c),~5300W (5226W @25C),0 (hydro cooled),N/A (water cooling),50 dB,412x197x209,15.8,342-418V AC (3-phase),30A,0-40°C (inlet water 20-40°C),10-90% RH (non-condensing),RJ45 Ethernet 10/100M,N/A,N/A (est. $5000 for similar),October 2022,151.5 ±3% TH/s,5226 ±5% W,34.5 ±5% J/TH,"Hashboard communication errors (ribbon cables), temperature sensor failures, PIC/EEPROM errors, boost circuit failures (U9), LDO shorts, cold water start issues (&lt;20°C), chip nonce 0/X failures, water flow/pressure issues.","Matches specs closely with hydro cooling; efficiency improves at lower temps; reports of stable 151+ TH/s in good conditions [[Bitmars](https://bitmars.io/product/bitmain-antminer-s19-hyd-151-5t/), [Minerstat](https://minerstat.com/hardware/antminer-s19-hydro)].","BM1398 ASIC, PIC16F1704, U2E, ATH02402DMCN EEPROM, TPHR9003NL MOS, MPSK181517DR boost, SY7208, LM75A temp sensors, MP2019/SGM2036 LDOs, 0402 resistors/caps, hashboard BOM kit [[ZeusBTC](https://www.zeusbtc.com/manuals/4908-antminer-s19-hydro-hash-board-repair-guide)].","Braiins OS+, VNish, LuxOS (SHA256 support); stock Bitmain firmware [[Braiins](https://braiins.com/blog)].","Hydro water cooling: inlet 20-40°C, flow 8±10% L/min, pressure ≤3.5 bar; no fans; closed-loop liquid for ASIC heat dissipation [[Bitmain Support](https://support.bitmain.com/hc/en-us/articles/8240690910233-S19-Hydro-Specifications)].","[Bitmain Support Specs](https://support.bitmain.com/hc/en-us/articles/8240690910233-S19-Hydro-Specifications), [ZeusBTC Specs](https://www.zeusbtc.com/Asic-Miner/Asic-Miner-Details.asp?ID=3134), [Zeus Repair Guide](https://www.zeusbtc.com/manuals/4908-antminer-s19-hydro-hash-board-repair-guide), [D-Central Guide](https://d-central.tech/manuals/antminer-s19-pro-maintenance-repair-guide/), [CryptoMinerBros Guide](https://www.cryptominerbros.com/blog/antminer-s19-hydro-series-guide/), [Minerstat](https://minerstat.com/hardware/antminer-s19-hydro), [Bitmars](https://bitmars.io/product/bitmain-antminer-s19-hyd-151-5t/).","[Reddit r/BitcoinMining S19 Hydro threads](https://www.reddit.com/r/BitcoinMining/search?q=S19+Hydro), [Bitcointalk hydro temp discussions](https://bitcointalk.org/index.php?topic=5504288.0), [Zeus forums implied](https://www.zeusbtc.com).",3-phase power required; model 208-A; variants 145/151.5/158 TH/s; process node inferred from similar S19 models (Samsung 7nm); control board specific to Hydro series.
Bitmain Antminer S19j 90TH specs parts chip hashboard PSU fans dimensions,Bitmain Antminer S19j 90TH,BM1398 (7nm) [D-Central](https://d-central.tech/antminer-s19j-specifications/); some sources suggest BM1362 for j series,7nm,62 [D-Central](https://d-central.tech/antminer-s19j-specifications/),186 (62 x 3),3,Unknown (BHB series for Pro variants like BHB426xx),BeagleBone Black [Zeus Mining](https://www.zeusbtc.com/ASIC-Miner-Repair/Parts-Tools-Details.asp?ID=1341),"APW12, ~3105-3250W [Bitmain Support](https://support.bitmain.com/hc/en-us/articles/4403541716761), [Manual](https://www.zeusbtc.com/manuals/user-manuals/Antminer-S19j-Manual.pdf)",3105W ±5% (official); often listed 3250W,4 [D-Central](https://d-central.tech/antminer-s19j-specifications/); some list 5,12038 (120x120x38mm),~75 dB,400 x 195.5 x 290,14.2-14.6 kg,200-240V AC (some 200-277V),20A (10A per wire x2),0-40°C,10-90% RH (non-condensing),Ethernet RJ45 10/100M,None specified,Not found; secondary market ~$900-1500,"March-June 2021 [Bitmain blog](https://blog.bitmain.com/en/the-second-batch-of-antminer-s19j-will-officially-go-on-sale-on-march-02/), [D-Central](https://d-central.tech/antminer-s19j-specifications/)",90 ±3-5% TH/s,3105-3250W,34.5 J/TH (official); 36.1 listed in some,"Hashboard failures, PIC/EEPROM errors, PSU degradation, overtemperature, fan failures, ribbon cable issues [D-Central guides](https://d-central.tech/manuals/antminer-s19-maintenance-repair-guide/), [Bitmain Support](https://support.bitmain.com/hc/en-us/articles/4406645619097-Common-Problems-and-Solutions-for-ANTMINER-19-series)",Typically achieves rated 90TH/s; undervolting possible to ~2500W at 70-80TH/s for better efficiency; consistent with specs [D-Central](https://d-central.tech/antminer-s19j-specifications/),"Hashboards, APW12 PSU, BeagleBone control board, 12038 fans, BM1398 chips, PIC16F1704 [Zeus Mining](https://www.zeusbtc.com/ASIC-Miner-Repair/Parts-Tools-Details.asp?ID=2108), [D-Central](https://d-central.tech/product/replacement-hashboard-for-antminer-s19j-pro/)","Braiins OS+, VNish, LuxOS; supports autotuning, undervolting [D-Central firmware guide](https://d-central.tech/braiins-os-vs-vnish-vs-luxos-complete-antminer-firmware-comparison-2026/)",Air cooled with 4x high-speed axial fans (12038); no hydro/immersion variant noted for this model,"[Bitmain S19j Specs](https://support.bitmain.com/hc/en-us/articles/4403541716761-S19j-series-Specifications), [S19j Manual](https://www.zeusbtc.com/manuals/user-manuals/Antminer-S19j-Manual.pdf), [D-Central Specs](https://d-central.tech/antminer-s19j-specifications/), [Zeus Repair Guide](https://www.zeusbtc.com/manuals/3530-antminer-s19j-pro-hash-board-repair-guide), [BT-Miners](https://bt-miners.com/products/bitmain-antminer-s19j-bitcoin-miner-90th-s-bt-miners/)","[Reddit S19j Pro issues](https://www.reddit.com/r/BitcoinMining/comments/1p65zlk/antminer_s19j_pro_issues/), [Reddit LuxOS](https://www.reddit.com/r/BitcoinMining/comments/1ijeme1/anyone_using_luxos_with_s19j_pros_or_similar_asic/), [Bitcointalk chip counts](https://bitcointalk.org/index.php?topic=5478369.0)",S19j 90TH is cost-optimized S19 variant; chip info conflicts (BM1398 vs BM1362) likely due to Pro/non-Pro confusion; official Bitmain confirms 90T at 3105W/34.5J/TH; compatible with S19 series repairs/firmware
Bitmain Antminer S19 90TH specs parts chip BM1398 hashboard PSU control board,Bitmain Antminer S19 90TH,BM1398 (or BM1362 for S19j variant),7nm,76,228 (3x76),3,"BHB428xx (e.g. BHB42801, BHB42841)",7007V or CV1835 (Cvtek/BeagleBone compatible),APW12 (APW12_12V-15V_V1.2),3250W capable,4-5,120mm axial fans,75 dB,400 x 195.5 x 290 mm,14.2 kg,200-240V AC,20A (10A per wire),0-40 °C,10-90% RH (non-condensing),RJ45 Ethernet 10/100M,N/A,N/A (historical ~$2k-3k),2020-2021 (variants),90 ±3% TH/s,3250 ±5% W,34.5-36 J/TH,"Hashboard failures (ASIC chips, domains, signals), control board voltage shorts, high HW errors acceptable <1000/day/board, overheating if poor airflow, chain init errors [Zeus Mining Repair Guide](https://www.zeusbtc.com/manuals/Antminer-S19-Hash-Board-Repair-Guide.asp), [Reddit](https://www.reddit.com/r/BitcoinMining/comments/1ic80su/help_needed_antminer_s19_not_working/)","Typically meets specs; HW errors normal up to 1000+/day/board after initial run; underclock possible to ~100W with Braiins; good efficiency but noisy/hot [Reddit](https://www.reddit.com/r/BitcoinMining/comments/pesupu/antminer_s19_95th_first_hour_of_mining_80_hw/), [Braiins](https://academy.braiins.com/en/braiins-os/technical-resources/)","BM1398 ASIC, PIC16F1704, TPHR9003NL MOS, hashboards, APW12 PSU, control boards (7007V/CV1835) [Zeus Mining](https://www.zeusbtc.com/manuals/Antminer-S19-Hash-Board-Repair-Guide.asp), [CryptoMinerBros](https://www.cryptominerbros.com/product/bitmain-antminer-control-board-s19/)","Braiins OS+, VNish, LuxOS; toolbox for easy install [Braiins](https://braiins.com/toolbox), [Reddit](https://www.reddit.com/r/BitcoinMining/comments/1q5w87e/antminer_s19k_pro_no_low_energy_mode_to_be_foubnd/)",Air-cooled: 4-5 high-speed axial fans (intake/exhaust); requires good airflow to avoid overheating; no hydro for 90TH standard [D-Central](https://d-central.tech/manuals/antminer-s19-maintenance-repair-guide/),"[Bitmain Support S19 Specs](https://support.bitmain.com/hc/en-us/articles/900000253583-S19-Specifications), [Zeus S19 Repair](https://www.zeusbtc.com/manuals/Antminer-S19-Hash-Board-Repair-Guide.asp), [D-Central 19 Series](https://d-central.tech/the-different-19-series-models-and-specs-compared-which-one-is-right-for-you/), [CryptoMinerBros Guide](https://www.cryptominerbros.com/blog/antminer-s19-series-guide/)","[Reddit BitcoinMining S19 issues](https://www.reddit.com/r/BitcoinMining/search?q=S19&restrict_sr=on), [Braiins Academy](https://academy.braiins.com/en/braiins-os/technical-resources/)","Variants differ (S19j BM1362, early S19 BM1398); 3 hashboards standard per Zeus/Bitmain; some sources claim 4 but repair guides confirm 3; check specific sub-model [Research Summary](/home/user/workspace/antminer_s19_90th_research.md)"
Bitmain Antminer S19 XP Hyd 255TH specs parts chip hashboard cooling system,Bitmain Antminer S19 XP Hyd,BM1366 (5nm),5nm,204,612,3,HHB56601,Hydro series control board (C59/C89 Amlogic or Xilinx variants),APW11 (APW111721a variant),~5346W (5346W @35C),0,N/A (hydro cooled),~50 dB (estimated from similar models),410 x 170 x 209 (w/o package),12.8 net,380-415V AC (3-phase),12A,20-40C inlet coolant,10-90% RH (non-condensing),RJ45 Ethernet 10/100M,"FCC Class A, EU WEEE, Taiwan RoHS","$19,890 (early estimate for 255TH model)",October 2022 (launched Q4 2022),257 TH/s ±3%,5346 W ±5%,20.8 J/TH ±5%,"ASIC chip failures (voltage domains, signals CLK/CI/RI/BO/RST), LDO/PLL issues, PIC circuit faults, coolant flow/temperature sensor problems causing shutdowns below 20C or above 40C, control board OTP failures, loose 12V screws on hashboards",Matches specs closely at 255-257 TH/s and 5304-5346W in reviews; efficiency holds at ~20.8 J/TH under proper coolant flow 8-10 L/min; sensitive to coolant quality/pH and flow restrictions,"Hashboard: HHB56601; Control board: C59/C89 Hydro; PSU: APW11/APW111721a; Chips: BM1366 series (BS/BP/AH/AL/AG); LDOs, MP2019, sensors U4/U5/U7/U8, PIC16F1704",Stock Bitmain; Braiins OS+ (supported incl. Hyd); VNish; LuxOS; requires matching control board type (Amlogic/Xilinx/BBB/CV1835),"Hydro/liquid cooling: 20-40C inlet temp, 8-10 L/min flow, ≤3.5 bar pressure, OD10/DN10 connectors; coolant: Antifreeze (pH 7-9), pure water (6.5-7.5), deionized (8.5-9.5); designed for ANTSPACE HK3; shuts down if PCB>80C or water out of range","[Bitmain Support Specs](https://support.bitmain.com/hc/en-us/articles/36035119865113-Bitcoin-Miner-S19-XP-Hyd-Specifications), [Zeus Repair Guide](https://www.zeusbtc.com/articles/information/4915-antminer-s19-xp-hydro-hash-board-repair-guide), [Bitmain Manual](https://file12.bitmain.com/shop-product-s3/firmware/c754bed2-2c61-4a1e-acb2-fe2927a1e903/2023/06/17/11/S19%20XP%20Hyd%20Manual.pdf), [CryptoMinerBros](https://www.cryptominerbros.com/product/bitmain-antminer-s19-xp-hyd-255th-bitcoin-miner/), [D-Central Guide](https://d-central.tech/antminer-firmware-update-guide/)","[Reddit Braiins OS Support](https://www.reddit.com/r/BitcoinMining/comments/1f82e4p/new_release_braiins_os_2408_support_for_antminer/), [Reddit Overheating Issues](https://www.reddit.com/r/BitcoinMining/comments/1m792w9/antminer_s19_xp_hyd_overheating_water_cooling/), [BitcoinTalk Chip Counts](https://bitcointalk.org/index.php?topic=5478369.0)",3 hashboards; integrated APW11 PSU (no separate fans); designed for industrial hydro setups like ANTSPACE HK3; 5nm BM1366 enables high density (204 chips/board); common repairs involve binary search for bad chips/domains
Bitmain Antminer S19j Pro 104TH specs parts chip BM1362 hashboard PSU APW12,Bitmain Antminer S19j Pro 104TH,BM1362,8nm (Samsung),126,378 (3 hashboards) or 504 (4 hashboards per some sources),"3 or 4 (sources conflict; Bitmain 3, repair guides 4)","BHB42XXX (e.g., BHB42601, BHB42631, BHB42621, BHB42603)","AMLogic (stock), BeagleBone Black, Xilinx (upgrades)",APW12 (APW121215),3250-3600W,4,"120x38mm, 12V 2.4A, ~6000 RPM",75 dB,400x195.5x290 mm (Bitmain) or 195x290x370 mm (others),14.6 kg,200-240V AC input; 12-15V DC output,20A (10A per wire),0-40°C,10-90% RH (non-condensing),Ethernet RJ45 10/100M,N/A,N/A (historical ~$2000-3000),July 2021,104 ±3% TH/s,3068 ±5% W,29.5 ±5% J/TH,"Ribbon cable failures, boost circuit faults (groups 36-42), thermal gel degradation, PIC/EEPROM errors, signal chain breaks, control board flashing risks, dust buildup on 4 boards, chip soldering issues [D-Central](https://d-central.tech/manuals/antminer-s19j-pro-maintenance-repair-guide/), [Hashrate Index](https://hashrateindex.com/blog/the-ultimate-hardware-review-bitmain-antminer-s19j-pro/)","LuxOS autotune: 100TH/2690W (26.7 J/TH, +10.5% eff); underclock -6: 71.4TH/1711W (24J/TH); overclock +2: 109.7TH. Matches stock closely, improves with tuning [Hashrate Index](https://hashrateindex.com/blog/the-ultimate-hardware-review-bitmain-antminer-s19j-pro/)","Hashboard (BHB42xxx), BM1362AJ chips, APW121215 PSU, control boards (C52, BeagleBone) [Zeus Mining](https://www.zeusbtc.com/ASIC-Miner-Repair/Parts-Tools-Details.asp?ID=3115), [D-Central](https://d-central.tech/product/replacement-hashboard-for-antminer-s19j-pro/)","Stock Bitmain, Braiins OS+, LuxOS, Vnish, HiveOS (Xilinx/BeagleBone preferred) [Braiins](https://braiins.com/os-firmware), [Hashrate Index](https://hashrateindex.com/blog/the-ultimate-hardware-review-bitmain-antminer-s19j-pro/)","Air-cooled: 4x 120x38mm fans (2 intake, 2 exhaust), modular bolted heatsinks, dynamic fan control. Hydro/immersion compatible with mods [Hashrate Index](https://hashrateindex.com/blog/the-ultimate-hardware-review-bitmain-antminer-s19j-pro/), [D-Central](https://d-central.tech/manuals/antminer-s19j-pro-maintenance-repair-guide/)","[Bitmain Support Specs](https://support.bitmain.com/hc/en-us/articles/900006762746-S19j-Pro-Specifications), [Hashrate Index Review](https://hashrateindex.com/blog/the-ultimate-hardware-review-bitmain-antminer-s19j-pro/), [D-Central Repair Guide](https://d-central.tech/manuals/antminer-s19j-pro-maintenance-repair-guide/), [CryptoMinerBros](https://www.cryptominerbros.com/product/bitmain-antminer-s19j-pro-104th-s/), [Zeus Mining](https://www.zeusbtc.com/ASIC-Miner-Repair/Parts-Tools-Details.asp?ID=3115)","[BitcoinTalk chip count](https://bitcointalk.org/index.php?topic=5478369.0), [BitcoinTalk fault](https://bitcointalk.org/index.php?topic=5456051.0), [Reddit overclock](https://www.reddit.com/r/BitcoinMining/comments/1n77m3o/s19j_pro_104t_overclocked_to_250t/)","Hashboard count conflict: Official implies 3x126=378 chips, repair sources say 4 hashboards (504 chips). Model no. 240-Cb. APW12 confirmed compatible [Bitmain PSU](https://support.bitmain.com/hc/en-us/articles/15909673875993-Choose-the-correct-PSU-for-popular-models-of-ANTMINER). No hydro variant stock."
Bitmain Antminer S19k Pro 120TH specs parts chip BM1368 hashboard PSU,Bitmain Antminer S19k Pro (120TH),"BM1366BS / BM1366BP (hashboard BHB56902), BM1366AL (hashboard BHB56903)",5nm (BM1366 family; vendor not specified in Bitmain docs),"Unknown from Bitmain docs; community reports vary (e.g., 77 chips/board in a user video; D-Central claims 82/board)",Unknown (depends on chips/board and board count),3 (from Bitcointalk miner log ‘board num = 3’ for BHB56902); some third-party sources claim 4,"BHB56902, BHB56903",CVITEK CV1835 control board (aftermarket listing); Bitmain docs do not specify,Not specified in Bitmain docs; commonly paired with Bitmain APW12-1215 in reseller listings,Not specified (miner power draw spec 2760W @25°C ±5%),Not specified in Bitmain docs; many reseller spec tables list 4 fans,Not specified in Bitmain docs; replacement fan models include MARTECH DF1203812B2FN 120mm 7000RPM (Zeus) and generic 120mm 7200RPM fans (reseller),72 dBA @30°C (Bitmain manual),"400×195×290 (w/o package), 570×316×430 (with package)","12.85 kg net, 14.5 kg gross",200–240 VAC,20 A,0–40°C (Bitmain support) / 0–45°C (Bitmain manual),10–90% RH non-condensing,RJ45 Ethernet 10/100M,Not specified in Bitmain docs located,Not found in sources reviewed,"Aug 31, 2023 (Hashrate Index rig page)",120 TH/s (typical),2760 W @25°C (typical),"23 J/TH @25°C (typical, ±5%)","Secure Boot enabled / root disabled; hashboard repair restrictions for non-aluminum boards; common hashboard issues include poor soldering, LDO failures, EEPROM CRC errors, missing ASIC detection per logs and troubleshooting articles",Community log shows sometimes pulling ~3500W during testing and failed ASIC detection on one chain; reseller tables list 75dB noise and 4 fans; manufacturer notes hashrate ±3% and power/efficiency ±5%,"Hashboard repair kit components for BHB56902/BHB56903 incl. AT24C02C EEPROM, S75/TMP75 temp sensors, LDOs (SGM2036 variants, VGML AAH6 AW37030D120STR, BCT2036EUKVA), MP2019K..., capacitors (330uF 30V etc.), SGM8304 op-amp modules; ASIC chips BM1366BS/BP/AL",Bitmain stock firmware with Secure Boot; D-Central states VNish/Braiins OS+/LuxOS support S19k Pro (needs verification per vendor docs),Air-cooled; Bitmain distinguishes aluminum vs non-aluminum hashboards (heatsink arrangements). No official hydro/immersion variant details found specific to S19k Pro in reviewed sources.,"[BITMAIN Support S19K Pro Specifications](https://support.bitmain.com/hc/en-us/articles/23833956049049-S19K-Pro-Specifications), [S19k Pro Product Manual PDF](https://5.imimg.com/data5/SELLER/Doc/2025/6/515469454/MF/TL/AX/245722431/s19-kpro-120th-air-cooled-bitcoin-miner.pdf), [Luxor HashrateIndex rig page](https://hashrateindex.com/rigs/bitmain-antminer-s19kpro), [Zeus Mining S19K Pro hashboard parts list (BHB56902/BHB56903)](https://www.zeusbtc.com/ASIC-Miner-Repair/Parts-Tools-Details.asp?ID=3554), [Bitcointalk thread with S19k Pro logs](https://bitcointalk.org/index.php?topic=5525575.0), [BITMAIN Support hashboard type/repair precautions](https://support.bitmain.com/hc/en-us/articles/32404089992729-How-to-distinguish-S19k-Pro-hashboard-types-and-the-repair-related-precautions), [Zeus Mining MARTECH fan DF1203812B2FN](https://www.zeusbtc.com/ASIC-Miner-Repair/Parts-Tools-Details.asp?ID=3240), [Zeus Mining low hashrate troubleshooting](https://www.zeusbtc.com/articles/asic-miner-troubleshooting/5740-troubleshooting-for-the-antminer-s19k-pro-asic-chip-low-hash-rate), [AltairTech CV1835 control board listing](https://altairtech.io/product/bitmain-cvitek-cv1835-control-board-antminer/), [D-Central firmware comparison](https://d-central.tech/antminer-s19-firmware-guide-vnish-braiins-luxos/",[Bitcointalk: S19k pro not working](https://bitcointalk.org/index.php?topic=5525575.0),"Key gaps: Bitmain documentation found does not list ASIC chip model, chip count per board, hashboard count, PSU model, fan count/model, certifications, MSRP. Third-party sources conflict on hashboard count (3 vs 4) and chips per board (77 vs 82)."
Bitmain Antminer S19 Pro 110TH specs parts chip BM1398 hashboard PSU known issues,Bitmain Antminer S19 Pro (110Th),BM1398BB ([D-Central](https://d-central.tech/antminer-s19-pro-specifications/)),7nm ([D-Central](https://d-central.tech/antminer-s19-pro-specifications/)),114 (38 groups of 3) ([D-Central](https://d-central.tech/antminer-s19-pro-specifications/)),342 ([D-Central](https://d-central.tech/antminer-s19-pro-specifications/)),3 ([D-Central](https://d-central.tech/antminer-s19-pro-specifications/)),Not consistently published; Zeus Mining parts list references “NBP1901 version” S19 Pro hashboard spares kit ([Zeus Mining](https://www.zeusbtc.com/ASIC-Miner-Repair/Parts-Tools-Details.asp?ID=2942)),"Varies by production batch across S19 series (common replacements include Bitmain 7007V/Xilinx-based boards; Bitmain notes OTP/FPGA main control IC “U1” behavior on S19 series control boards) ([CryptoMinerBros](https://www.cryptominerbros.com/product/bitmain-antminer-control-board-s19/)), ([BITMAIN Support](https://support.bitmain.com/hc/en-us/articles/900003173106-Instructions-for-Setting-up-Your-New-S19-Control-Board))",Integrated APW12 PSU ([D-Central](https://d-central.tech/antminer-s19-pro-specifications/)); Bitmain compatibility table lists S19 Pro compatible APW12 variants including APW121215a/b/c/d/e/f and APW12 ([BITMAIN Support](https://support.bitmain.com/hc/en-us/articles/15909673875993-Choose-the-correct-PSU-for-popular-models-of-ANTMINER)),"~3250W class (miner spec power 3,250W ±5%) ([D-Central](https://d-central.tech/antminer-s19-pro-specifications/))",4 (high-speed fans) ([D-Central](https://d-central.tech/antminer-s19-pro-specifications/)),Standard 12038 (120×120×38mm) 4-wire fan (Bitmain) ([BITMAIN Support](https://support.bitmain.com/hc/en-us/articles/4402395808409-General-knowledge-and-Recurring-problem-about-Fan)),~75 dB ([D-Central](https://d-central.tech/antminer-s19-pro-specifications/)),400 × 195 × 290 mm ([D-Central](https://d-central.tech/antminer-s19-pro-specifications/)),14.2 kg ([D-Central](https://d-central.tech/antminer-s19-pro-specifications/)),200–277V AC ([D-Central](https://d-central.tech/antminer-s19-pro-specifications/)),Not explicitly published in gathered sources; derived ≈16.3A at 200V for 3250W (3250/200) and ≈11.7A at 277V (3250/277) (calculation from [D-Central](https://d-central.tech/antminer-s19-pro-specifications/)),0–40°C ([D-Central](https://d-central.tech/antminer-s19-pro-specifications/)),5–95% ([D-Central](https://d-central.tech/antminer-s19-pro-specifications/)),Ethernet (RJ45) ([D-Central](https://d-central.tech/antminer-s19-pro-specifications/)),Not found in gathered sources (Bitmain S19 Pro support spec page not accessible during run),"~$2,407 (listed price in CryptoCompare entry; may reflect historical market/retail price) ([CryptoCompare](https://www.cryptocompare.com/mining/bitmain/antminer-s19-pro-sha256-110ths/))",May 2020 ([D-Central](https://d-central.tech/antminer-s19-pro-specifications/)),110 TH/s (±5%) ([D-Central](https://d-central.tech/antminer-s19-pro-specifications/)),"3,250W (±5%) ([D-Central](https://d-central.tech/antminer-s19-pro-specifications/))",29.5 J/TH ([D-Central](https://d-central.tech/antminer-s19-pro-specifications/)),"Hashboard chip failures (BM1398) causing missing chains/reduced hashrate, APW12 PSU degradation (output caps/MOSFET aging) causing crashes/resets under load, temperature-related shutdowns from restricted airflow/thermal paste degradation, EEPROM corruption preventing board detection/incorrect chip readings ([D-Central](https://d-central.tech/antminer-s19-pro-specifications/)); Bitmain notes recurring fan problems and standard 12038 fan behavior issues ([BITMAIN Support](https://support.bitmain.com/hc/en-us/articles/4402395808409-General-knowledge-and-Recurring-problem-about-Fan)); Bitmain 19-series common problems guidance includes airflow/dust/foreign-object heatsink blockage checks ([BITMAIN Support](https://support.bitmain.com/hc/en-us/articles/4406645619097-Common-Problems-and-Solutions-for-ANTMINER-19-series)); Community reports include intermittent hashing/board issues and firmware-related behavior in r/BitcoinMining threads ([Reddit: S19 Pro with Braiins OS won’t start hashing](https://www.reddit.com/r/BitcoinMining/comments/1js0s4s/s19_pro_with_braiins_os_wont_start_hashing_after/)), ([Reddit: S19 Pro 3rd hashboard isn’t working](https://www.reddit.com/r/BitcoinMining/comments/1ol6vov/antminer_s19_pro_3rd_hashboard_isnt_working/)), ([BitcoinTalk reliability thread](https://bitcointalk.org/index.php?topic=5414790.20))","Stock units typically operate near spec but can show variance; D-Central notes Braiins OS+ autotuning on S19 Pro often achieves ~27–29 J/TH vs stock 29.5 J/TH, and VNish overclocking reports commonly reaching ~130–140 TH/s with adequate cooling ([D-Central firmware guide](https://d-central.tech/antminer-s19-firmware-guide-vnish-braiins-luxos/))","ASIC: BM1398BB replacement chip referenced in Zeus parts listings ([Zeus Mining](https://www.zeusbtc.com/ASIC-Miner-Repair/Parts-Tools-Details.asp?ID=278)); Hashboard spares kit for S19 Pro “NBP1901 version” includes BM1398BB chips, capacitors, SGM2036 (SP7KC), SY7302ABC, TMP75 temp sensor, etc. ([Zeus Mining](https://www.zeusbtc.com/ASIC-Miner-Repair/Parts-Tools-Details.asp?ID=2942)); Control board replacements marketed as Bitmain 7007V for S19 series ([CryptoMinerBros](https://www.cryptominerbros.com/product/bitmain-antminer-control-board-s19/))","Third-party firmware options VNish, Braiins OS+, and LuxOS are discussed as supporting S19 Pro; installation/build must match control board type (Xilinx/BBB/Amlogic/etc.), and Bitmain Amlogic-board ‘lock’ post–March 2024 may require unlocking for third-party installs ([D-Central firmware update guide](https://d-central.tech/antminer-firmware-update-guide/)), ([D-Central firmware guide](https://d-central.tech/antminer-s19-firmware-guide-vnish-braiins-luxos/))",Air-cooled chassis with 4 high-speed fans ([D-Central](https://d-central.tech/antminer-s19-pro-specifications/)); Bitmain describes standard 12038 fans used across 17/19 series and common fan behavior considerations ([BITMAIN Support](https://support.bitmain.com/hc/en-us/articles/4402395808409-General-knowledge-and-Recurring-problem-about-Fan)),"[D-Central specs](https://d-central.tech/antminer-s19-pro-specifications/), [D-Central S19 firmware guide](https://d-central.tech/antminer-s19-firmware-guide-vnish-braiins-luxos/), [D-Central firmware update guide](https://d-central.tech/antminer-firmware-update-guide/), [Zeus S19 Pro hashboard repair guide](https://www.zeusbtc.com/manuals/Antminer-S19-Pro-Hash-Board-Repair-Guide.asp), [Zeus S19 Pro parts list (NBP1901)](https://www.zeusbtc.com/ASIC-Miner-Repair/Parts-Tools-Details.asp?ID=2942), [BITMAIN fan recurring problems](https://support.bitmain.com/hc/en-us/articles/4402395808409-General-knowledge-and-Recurring-problem-about-Fan), [BITMAIN S19-series common problems](https://support.bitmain.com/hc/en-us/articles/4406645619097-Common-Problems-and-Solutions-for-ANTMINER-19-series), [BITMAIN PSU compatibility table](https://support.bitmain.com/hc/en-us/articles/15909673875993-Choose-the-correct-PSU-for-popular-models-of-ANTMINER), [CryptoCompare S19 Pro entry](https://www.cryptocompare.com/mining/bitmain/antminer-s19-pro-sha256-110ths/), [BT-Miners product listing](https://bt-miners.com/products/bitmain-antminer-s19-pro-bitcoin-miner-110-th-s-bt-miners/)","[Reddit: Braiins OS hashing issue after power cycle](https://www.reddit.com/r/BitcoinMining/comments/1js0s4s/s19_pro_with_braiins_os_wont_start_hashing_after/), [Reddit: 3rd hashboard not working / underperforming](https://www.reddit.com/r/BitcoinMining/comments/1ol6vov/antminer_s19_pro_3rd_hashboard_isnt_working/), [BitcoinTalk: reliability discussion](https://bitcointalk.org/index.php?topic=5414790.20)","Bitmain’s legacy S19 Pro specification page on support.bitmain.com could not be fetched (HTTP client error) during this run; several ‘official’ fields like certifications, exact max input current, and definitive hashboard P/Ns may require direct access to Bitmain’s per-version spec table or teardown photos to confirm."
Bitmain Antminer S17 Pro 53TH specs parts chip BM1397 hashboard PSU APW9 known issues failures,Bitmain Antminer S17 Pro 53TH,BM1397,7nm,48,144,3,Unknown (S17 Pro specific),Xilinx Zynq / C49,APW9 or APW9+,3600W rated (2094W normal),4,120mm high-speed (e.g. SHLF1212DHE-04),82 dB,298 x 178 x 297 mm,9.5,200-240V AC,16.86A (high perf mode @200V),0-40°C,5-95% RH,~2500 USD (2019 batch pricing ~$1300-$2200 used/resale),April 2019,53 TH/s,2094 W,39.5 J/TH,"S17 series notorious for hashboard failures: BM1397 chip solder joint cracking from thermal cycling, heatsink delamination/oxidation, missing chips/boards, EEPROM errors, temp sensor failures, APW9 PSU capacitor/MOSFET degradation, fan controller issues. High failure rate ~30% reported in some batches. [Bitmain Support](https://support.bitmain.com/hc/en-us/articles/360021167174), [D-Central](https://d-central.tech/antminer-s17-pro-specifications/), [Reddit](https://www.reddit.com/r/BitcoinMining/comments/rxgx9k/who_actually_has_a_reliable_17_series_antminer/)","Typically 53-56 TH/s stock; overclocks to 59-62 TH/s with VNish/Braiins; underclocks stable at 40-48 TH/s ~1600W. Efficiency holds ~39-45 J/TH real-world. Good for immersion/low power setups post-repair. [D-Central](https://d-central.tech/antminer-s17-pro-specifications/), [ZeusBTC](https://www.zeusbtc.com/articles/information/1889-antminer-s17-pro-series-profit-comparison)","Hashboards (48x BM1397), BM1397/BM1397AD chips, APW9 PSU, C49 control board, 120mm fans (SHLF1212DHE-04), MOS (P34M4SS), temp sensors (TMP451), PIC (DSPIC33EP16GS202). Available from ZeusBTC, D-Central. [ZeusBTC](https://www.zeusbtc.com/ASIC-Miner-Repair/Parts-Tools-Details.asp?ID=223), [D-Central](https://d-central.tech/manuals/antminer-s17-maintenance-repair-guide/)","Stock Bitmain; Braiins OS+ (full support incl autotune); VNish (overclock profiles); LuxOS. SD card flash on Xilinx CB. [Braiins](https://braiins.com/os-firmware/download), [D-Central FW Guide](https://d-central.tech/antminer-firmware-update-guide/)","[Bitmain Official Specs](https://support.bitmain.com/hc/en-us/articles/360021167174-S17-Pro-Specifications), [D-Central Specs & Repair](https://d-central.tech/antminer-s17-pro-specifications/), [ZeusBTC Comparison](https://www.zeusbtc.com/articles/information/1889-antminer-s17-pro-series-profit-comparison), [AsicMarketplace](https://asicmarketplace.com/product/bitmain-antminer-s17-pro-53-th-s/), [D-Central Troubleshooting](https://d-central.tech/troubleshooting-the-most-common-problems-on-antminer-17-series/)","[Reddit: S17 Reliability](https://www.reddit.com/r/BitcoinMining/comments/rxgx9k/who_actually_has_a_reliable_17_series_antminer/), [Reddit: S17 Pro Rubbish?](https://www.reddit.com/r/BitcoinMining/comments/nt3pvn/antminer_s17_pro_rubbish/), [Bitmain Support Failures](https://support.bitmain.com/hc/en-us/articles/18237912339097-Troubleshooting-and-solutions-for-ANTMINER-failures)","Variants: S17 Pro 50TH (1975W), 53TH (2094W), 56TH (2212W). All share BM1397/7nm, 144 chips, 3 HB. S17 series (not S9) widespread hashboard issues detailed above. Repair-focused operation recommended for longevity. No specific hashboard PN found; repair guides emphasize chip-level fixes."
Bitmain Antminer S17+ 73TH specs parts chip hashboard PSU fans known issues reliability,Bitmain Antminer S17+ 73TH,"BM1397 (variants: AG, AD, AH, AI)",TSMC 7nm FinFET,65,195,3,"Unknown (revisions like 020, 030 mentioned in videos)",Xilinx Zynq 7007 C55 version or V2.3,APW9+,~3000W (rated for 2920W miner),4,12038 (120mm x 38mm industrial fans),75 dB,175 x 298 x 304,11,12V (AC input likely 200-240V),~243A (2920W / 12V),5-45 °C,5-95 %,"~$1,232 (70TH variant; 73TH similar, late 2019 pricing)",December 2019 (first batch),73 TH/s,2920 W,40 J/TH,"S17 series notorious for hashboard failures (early batches), missing chips/hashboards, temperature sensor failures (NCT218), MOS chips (TPHR9003NL), EEPROM errors, fan errors, PSU issues, control board failures, chain detection problems, low hashrate due to signal/cable issues, grounding problems. Common repair: chip replacement, reflow, voltage checks.","Often achieves 75+ TH/s stock; autotuning/custom FW can reach 85-95 TH/s at higher power. Reliable when maintained, but high failure rate in poor conditions.","BM1397AG/AH/AI chips, TPHR9003NL MOS, NCT218 temp sensor, MP1517DR boost, AT24C02D EEPROM, hashboards (D-Central upgraded), APW9+ PSU, 12038 fans, Xilinx control boards [ZeusBTC](https://www.zeusbtc.com), [D-Central](https://d-central.tech)","Braiins OS/OS+ (full support), VNish, Hiveon, BiXBiT, DJOS (1% fee), stock Bitmain; autotuning boosts efficiency [Braiins](https://braiins.com), [VNish](https://vnish.farm)","[D-Central Repair Guide](https://d-central.tech/manuals/antminer-s17plus-maintenance-repair-guide/), [ZeusBTC Chip Intro](https://www.zeusbtc.com/articles/asic-miner-troubleshooting/3583-antminer-s17-plus-hash-board-series-chip-function-introduction), [AsicMarketplace Specs](https://asicmarketplace.com/product/bitmain-antminer-s17-73-th-s/), [Bitmain Blog 7nm](https://blog.bitmain.com/en/bitmain-announces-next-generation-7nm-asic-chip-for-sha256-mining-delivering-breakthrough-energy-efficiency/), [BM1397 Deep Dive](https://d-central.tech/mastering-the-bm1397-chip-an-in-depth-look-at-bitcoin-minings-core-component/)","[Reddit r/BitcoinMining S17 issues](https://www.reddit.com/r/BitcoinMining/comments/18i56lp/issue_with_antminer_s17/), [Bitcointalk T17/S17 malfunctions](https://bitcointalk.org/index.php?topic=5217949.0), [D-Central S17 failures](https://d-central.tech/antminer-s19-vs-s17-vs-t19-vs-t17-which-one-is-right-for-you/)","S17+ uses BM1397AG primarily; daisy-chain UART comms at 115200 baud (upgradable); supports AsicBoost. High repairability. Task mentioned S9 variants but focus is S17+; S9 uses BM1387 (16nm, 3 hashboards ~21nm? chips total)."
Bitmain Antminer S17e 64TH specs parts chip hashboard known issues failures,"Bitmain Antminer S17e (64T / 64 TH/s, also known as 266-A)",BM1397 (Bitmain 7nm SHA-256 ASIC),7nm (BM1397),135 (per Bitmain S17e specs show 405 chips across 3 boards),405,3,Unknown (need board P/N / PCB revision; sources found describe S17e hashboard repair but not Bitmain P/N),Xilinx Zynq 7007-based control board (commonly sold as C55 / ZYNQ 7007),Bitmain APW9+ (commonly bundled with S17e/T17e/S17+/T17+),2880W at wall (miner reference power); APW9/APW9+ nameplate often marketed as 3600W class PSU (depends on vendor listing),4,120mm high-speed fans (exact model P/N not confirmed from sources gathered),82 dBA @25°C (Bitmain support spec); many reseller spec sheets list ~80 dB,"340 × 178 × 304.3 mm (Bitmain support spec, miner size w/o package)",11.3 kg (Bitmain support spec),200–240 VAC (Bitmain support spec),18.7 A (Bitmain support spec max/typ input current for S17e-64T),Recommended 5–35°C (typ 25°C); max operation temperature up to 40°C (Bitmain support spec),"5–90% RH (Bitmain support spec shows min 5%, typ 10%, max 90%)","$1,730 (example reseller listing incl. PSU; official Bitmain MSRP not found in gathered sources)",November 2019 (Bitmain support document date and multiple miner databases list Nov 2019),64 TH/s (S17e-64T),2880 W (reference power on wall @25°C),45 J/TH (reference @25°C),"17-series widely reported reliability problems: frequent hashboard failures/missing chains, EEPROM errors/corruption, temperature sensor read failures, fan errors/overheat shutdowns, PSU issues and intermittent connectivity; community anecdotes suggest high failure rates and burned hash/control boards. Repair manuals describe 15 voltage domains per board and common fault isolation steps; D-Central troubleshooting lists fan, EEPROM, missing chips/boards, temp sensor, PSU, and network issues.",Real-world reports commonly show underclocking improves stability; community/repair shops recommend firmware tuning and careful thermal management (some users mention immersion improves outcomes). Many public miner databases match 64TH/2880W but field performance depends strongly on board health and firmware.,"Control board: C55 (Xilinx Zynq XC7Z007S / 7007). Hashboard components called out in repair guides/articles include dsPIC33EP16GS202 (PIC), AT24C02D / 02DMCN-class EEPROM, TMP451 / NCT218 temp sensors (sources differ by board revision), MOSFETs like DMP34M4SPS-13 (Zeus article), plus various buck/LDO parts (e.g., TLV62568DBVR, LN1134A182MR-G) cited by Zeus. ASIC chip variants cited by repair community include BM1397AE (for S17 family) and Zeus describes BM1396AB for S17e (conflict across sources).","Braiins OS (S17 Series SD card image supports S17e); D-Central lists stock firmware plus Braiins OS+, VNish, LuxOS as common options for Antminers, noting S17/T17 are Xilinx-based and firmware-version sensitive.","[BITMAIN Support S17e Specifications](https://support.bitmain.com/hc/en-us/articles/360038329013-S17e-Specifications), [Zeus Mining S17e control board C55 ZYNQ 7007](https://www.zeusbtc.com/ASIC-Miner-Repair/Parts-Tools-Details.asp?ID=376), [Thanos Mining Antminer S17e Hash Board Repair Manual](https://thanosmining.com/blog/detail/antminer-s17e-hash-board-repair-manual-105), [Zeus Mining chip types of Antminer S17e hash board](https://www.zeusbtc.com/articles/asic-miner-troubleshooting/3590-introduction-to-the-chip-types-of-antminer-s17e-hash-board), [East Coast ASIC S17 Repair Guide](https://eastcoastasic.com/s17-repair-guide/), [D-Central troubleshooting most common problems on Antminer 17 series](https://d-central.tech/troubleshooting-the-most-common-problems-on-antminer-17-series/), [Braiins OS firmware download](https://braiins.com/os-firmware/download)","[Reddit: reliable 17 series Antminer?](https://www.reddit.com/r/BitcoinMining/comments/rxgx9k/who_actually_has_a_reliable_17_series_antminer/), [Reddit: issue with Antminer S17](https://www.reddit.com/r/BitcoinMining/comments/18i56lp/issue_with_antminer_s17/), [BitcoinTalk: Antminer S17e's strange problem](https://bitcointalk.org/index.php?topic=5311784.0)","Key spec discrepancy: Bitmain support lists 405 chips total (135/board) for S17e, while many reseller databases list 144 total (48/board) with BM1397; multiple repair sources/articles disagree on exact ASIC chip model on S17e hashboards (BM1396AB vs BM1397AE/BM1397). Hashboard part numbers/PCB revisions and exact fan model P/N not found in gathered sources."
Bitmain Antminer S15 28TH specs parts chip BM1391 hashboard PSU APW8,"Bitmain Antminer S15 (28TH, “27TH” batch spec)","Bitmain BM1391 (variants cited: BM1391BE, BM1391AE)",7nm,72 (official Bitmain total chips 288 across 4 hashboards implies 72/board); conflicting repair-doc sources claim 60 chips/board (12 voltage domains × 5 BM1391) for S15/T15 hashboard design,288 (official Bitmain); conflicting repair-doc sources cite 240 chips if 60/board,4,Not found in primary sources; Zeus and parts sellers list generic “Antminer S15/T15 hashboard” without Bitmain P/N in accessible pages,Control board model not conclusively identified from primary sources; Zeus Mining sells “Antminer S15 control board C44” (control board code C44). Control-board SoC family (Xilinx/BBB/Amlogic) not confirmed in gathered sources.,Bitmain APW8 (built-in PSU; output voltage regulated by control board per repair guide),Rated power range reported for APW8: 1550W @ 16.32V to 1850W @ 20.04V (220V input),2,"Bitmain spec: 2 fans @ 12V 2.4A, 6000 rpm; Bitcointalk review describes 2×120mm×38mm 12V 6000RPM fans (parallel push)",76 dB (Bitmain spec); APW8 datasheet listing shows 67 dBA for PSU alone,297 × 254 × 177 mm (Bitmain support spec); third-party sources often list ~176×221×279 mm (likely swapped orientation),8.1 kg (Bitmain support spec); third-party often cite 7.0 kg,"AC input often cited 200–240V (Bitcointalk review, Zeus PDF manual snippet); Bitmain spec says “PSU attached” (no AC range)","From Zeus S15 installation guide PDF snippet: AC input current normal mode 7.25A @200V, 9.62A @220V; low power 3.52A @200V, 5.26A @220V (values incomplete for 240V in snippet)",0–40°C (Bitmain support spec),5–95% RH non-condensing (Bitmain support spec),"$1,475 (reported by CCN/Yahoo coverage of launch)","Available for purchase Nov 8, 2018 (Bitmain blog); “Release: Dec 2018” commonly listed by spec aggregators",High-performance: 27 TH/s ±2% (Bitmain support); Bitmain blog marketing: 28 TH/s; Energy-saving: 16 TH/s ±2% to 18 TH/s ±2% (Bitmain support),High-performance: 1539W ±7% (Bitmain support; other sources cite 1596W); Energy-saving: 800W ±7% to 900W ±7% (Bitmain support; other sources cite ~850W),"57 J/TH (high performance), 50 J/TH (energy-saving)","Common issues documented in D-Central repair guide: missing chips (chip not detected), broken chain (hashboard not connected/detected), failure to run (boot/hash instability), hashboards not detected (cable/firmware/board), low hashrate (low power mode/overheat/network/firmware), fan failure, firmware corruption requiring SD recovery. Reddit thread reports control board boot failure message “CPU1: failed to boot: -1” (likely control board/firmware). Bitcointalk review notes biggest noise issue is high-pitch PSU fan noise.","User test (Reddit repost of Cybtc review) reports ~28.56 TH/s average at 1610–1620W (≈56.7 J/TH) in standard mode; low power mode ~17.5 TH/s at 836.6W (≈47.8 J/TH). Bitcointalk review reports ~27.38 TH/s at 1586W (≈57.9 J/TH) and ~16.62 TH/s at 842W (≈50.7 J/TH), close to advertised.","ASIC chips sold as BM1391AE replacement for S15/T15 hashboard; Zeus Mining sells APW8 PSU; Zeus Mining sells “Antminer S15 control board C44”. NBTCminer lists vulnerable hashboard components: T451 temperature sensor, MP1517DR, AT24C02D, capacitors (330uF 30V; SMD 50V 47uF electrolytic), plus BM1391AE chips. Specific Bitmain hashboard P/N not located.",Official Bitmain firmware available (Zeus firmware mirror). Hiveon notes Antminer Series 15 (incl. S15) uses special RAM-load client method with signed firmware constraints on newer Bitmain firmware. Braiins OS supported models list includes S9 and S17/S19/S21 but does not list S15 (implying no official Braiins OS+ support). VNish and other alt-firmware pages in gathered sources do not explicitly list S15 support.,"[Bitmain blog launch post](https://blog.bitmain.com/en/the-7nm-antminer-s15-and-t15-are-now-available-for-purchase/), [Bitmain Support S15 Specifications](https://support.bitmain.com/hc/en-us/articles/360020443473-S15-Specifications), [D-Central Antminer S15 Maintenance & Repair Guide](https://d-central.tech/manuals/antminer-s15-maintenance-repair-guide/), [Zeus Mining S15 server installation guide PDF](https://www.zeusbtc.com/manuals/user-manuals/AntMiner-S15-Server-Installation-Guide.pdf), [Zeus Mining APW8 listing](https://www.zeusbtc.com/ASIC-Miner-Repair/Parts-Tools-Details.asp?ID=1121), [Bitcointalk S15 review/guide thread](https://bitcointalk.org/index.php?topic=5105380.0), [Zeus Mining S15 firmware download page](https://www.zeusbtc.com/firmware-download/details/4692-antminer-s15-firmware-download), [NBTCminer BM1391AE + parts notes](https://www.nbtcminer.com/shop/miner-parts/miner-chip/original-bm1391-bm1391ae-asic-chip-and-tin-tool-for-antminer-s15-t15-hashboard/), [Zeus Mining S15 control board C44](https://www.zeusbtc.com/ASIC-Miner-Repair/Parts-Tools-Details.asp?ID=1347), [D-Central APW8 PSU product page](https://d-central.tech/product/bitmain-apw8-psu-for-antminer-t15-s15/), [Yahoo Finance coverage citing $1,475 price](https://finance.yahoo.com/news/bitmain-releases-antminer-s15-stacks-131706332.html)","[Reddit: CPU1 failed to boot (S15)](https://www.reddit.com/r/BitcoinMining/comments/14a8ey4/my_ant_miner_s15s_kernel_log_says_that_cpu1_has/), [Reddit: Cybtc S15 review repost](https://www.reddit.com/r/BitcoinMining/comments/akxp7y/cybtc_review_bitmain_antminer_s1528ths/), [BitcoinTalk: (Review/Guide) Antminer S15](https://bitcointalk.org/index.php?topic=5105380.0)","Major discrepancy: official Bitmain spec says 4 hashboards and 288 chips total; Zeus/D-Central repair documentation for “S15/T15 hashboard” repeatedly states 12 voltage domains × 5 chips = 60 chips/board, which would imply 240 chips total—this may reflect a different hashboard revision or documentation mismatch. Control-board architecture (Xilinx/BBB/Amlogic) and Bitmain hashboard PCB part number/revision were not found in accessible primary sources during this pass."
Bitmain Antminer T17 40TH specs parts chip BM1397 hashboard PSU known issues,Bitmain Antminer T17 (40TH),"BM1397 (variants sold as BM1397AI; compatible variants noted BM1397AG/BM1397AD/BM1397AH) ([Zeus Mining BM1397](https://www.zeusbtc.com/ASIC-Miner-Repair/Parts-Tools-Details.asp?ID=1337), [D-Central BM1397 deep dive](https://d-central.tech/mastering-the-bm1397-chip-an-in-depth-look-at-bitcoin-minings-core-component/))","TSMC 7nm FinFET (Bitmain “2nd Gen 7nm”) ([D-Central BM1397 deep dive](https://d-central.tech/mastering-the-bm1397-chip-an-in-depth-look-at-bitcoin-minings-core-component/), [Finance Magnates](https://www.financemagnates.com/cryptocurrency/news/bitmain-launches-antminer-t17-at-hr-40-th-s-1270-per-unit/))",30 chips/board (derived from 90 total chips and 3 hashboards in Bitmain specs) ([Bitmain Support T17 Specifications](https://support.bitmain.com/hc/en-us/articles/360020445993-T17-Specifications)),90 total ([Bitmain Support T17 Specifications](https://support.bitmain.com/hc/en-us/articles/360020445993-T17-Specifications)),3 ([Bitmain Support T17 Specifications](https://support.bitmain.com/hc/en-us/articles/360020445993-T17-Specifications)),Not found in cited sources for T17 (Bitmain spec sheet does not list a hashboard P/N) ([Bitmain Support T17 Specifications](https://support.bitmain.com/hc/en-us/articles/360020445993-T17-Specifications)),"S17/S17 Pro/T17 control board (commonly sold as “control board C49”); Xilinx-based board family for S17/T17 generation (exact SoC not specified on Zeus listing) ([Zeus Mining control board](https://www.zeusbtc.com/ASIC-Miner-Repair/Parts-Tools-Details.asp?ID=305), [D-Central firmware guide](https://d-central.tech/antminer-firmware-update-guide/))",Built-in PSU (model not specified by Bitmain for T17) ([Bitmain Support T17 Specifications](https://support.bitmain.com/hc/en-us/articles/360020445993-T17-Specifications)),2200W ±7% miner power consumption (integrated PSU) ([Bitmain Support T17 Specifications](https://support.bitmain.com/hc/en-us/articles/360020445993-T17-Specifications)),4 ([Bitmain Support T17 Specifications](https://support.bitmain.com/hc/en-us/articles/360020445993-T17-Specifications)),"12038, 12V/2.4A, 6000 RPM (Bitmain fan parameter table) ([Bitmain Fan parameters](https://support.bitmain.com/hc/en-us/articles/5280676968217-Fan-parameters), [Bitmain Support T17 Specifications](https://support.bitmain.com/hc/en-us/articles/360020445993-T17-Specifications))",82 dB ([Bitmain Support T17 Specifications](https://support.bitmain.com/hc/en-us/articles/360020445993-T17-Specifications)),298.2 × 178 × 296.7 mm ([Bitmain Support T17 Specifications](https://support.bitmain.com/hc/en-us/articles/360020445993-T17-Specifications)),9.73 kg ([Bitmain Support T17 Specifications](https://support.bitmain.com/hc/en-us/articles/360020445993-T17-Specifications)),"AC input not specified in Bitmain T17 spec article; third-party listing for T17 240-Aa indicates 200–240V AC input (typ 220V) ([BitcoinMerch T17 240-Aa](https://bitcoinmerch.com/products/antminer-t17-42th-s), [Bitmain Support T17 Specifications](https://support.bitmain.com/hc/en-us/articles/360020445993-T17-Specifications))",Not specified in Bitmain T17 spec article; third-party T17 240-Aa table shows 10.50A (min) to 13.83A (max) at 200V input ([BitcoinMerch T17 240-Aa](https://bitcoinmerch.com/products/antminer-t17-42th-s)),0–40°C ([Bitmain Support T17 Specifications](https://support.bitmain.com/hc/en-us/articles/360020445993-T17-Specifications)),10%–95% RH (non-condensing) ([Bitmain Support T17 Specifications](https://support.bitmain.com/hc/en-us/articles/360020445993-T17-Specifications)),"$1,270 launch price reported at release (includes ship timing “next May”) ([Finance Magnates](https://www.financemagnates.com/cryptocurrency/news/bitmain-launches-antminer-t17-at-hr-40-th-s-1270-per-unit/))","Announced/launch coverage April 29, 2019; availability/shipping referenced as “next May” ([Finance Magnates](https://www.financemagnates.com/cryptocurrency/news/bitmain-launches-antminer-t17-at-hr-40-th-s-1270-per-unit/))",40 TH/s ±5% ([Bitmain Support T17 Specifications](https://support.bitmain.com/hc/en-us/articles/360020445993-T17-Specifications)),2200 W ±7% ([Bitmain Support T17 Specifications](https://support.bitmain.com/hc/en-us/articles/360020445993-T17-Specifications)),55 J/TH ±7% ([Bitmain Support T17 Specifications](https://support.bitmain.com/hc/en-us/articles/360020445993-T17-Specifications)),"Documented common 17-series issues include: heatsink adhesion failures/delamination/oxidation leading to heatsinks falling off, which can cause chip signal loss and in some cases shorts that can destroy a hashboard; D-Central notes this as a frequent T17 issue and describes scenarios where a fallen heatsink can short the PSU and cause catastrophic board damage ([D-Central T17 maintenance & repair guide](https://d-central.tech/manuals/antminer-t17-maintenance-repair-guide/)). Public reporting citing industry sources/complaints described S17/T17 units having unusually high failure rates (claimed 20–30% versus ~5% typical), with heatsinks falling off and shorting units and PSU fan problems also reported ([u.today](https://u.today/bitcoin-btc-miners-antminer-s17t17-suffer-critical-failure-rate-blockstreams-cso)). D-Central’s 17-series troubleshooting list of recurring faults includes fan errors, EEPROM errors, missing chips/hashboard detection problems, temperature sensor failures, PSU instability (reboots/no power), and network issues ([D-Central 17-series troubleshooting](https://d-central.tech/troubleshooting-the-most-common-problems-on-antminer-17-series/)). Community repair threads also attribute many ‘missing ASIC’ / ‘0 ASIC’ conditions to loose heatsinks and describe time-consuming signal-tracing repairs, plus discussion of testing PSUs/control boards as contributors to detection failures ([BitcoinTalk thread](https://bitcointalk.org/index.php?topic=5217949.320)).","D-Central’s T17 review reports user anecdotes of stable, consistent hashing and minimal downtime in suitable environments, but does not provide controlled benchmark numbers beyond stock specs ([D-Central T17 review](https://d-central.tech/review/antminer-t17-specs/)). A repair-focused YouTube diagnostic example in the BitcoinTalk-linked ecosystem indicates partially-degraded boards can run below expected per-board hashrate (e.g., a board hashing ~11 TH/s vs ~13 TH/s expectation in that example) ([YouTube diagnostic example](https://www.youtube.com/watch?v=1qnC-4sAeVU)).","BM1397 chip sold as BM1397AI with cross-compatibility notes to BM1397AG/BM1397AD/BM1397AH for T17/S17/T17+/S17+ families; Zeus notes BM1397AI is not for T17e/S17e ([Zeus Mining BM1397](https://www.zeusbtc.com/ASIC-Miner-Repair/Parts-Tools-Details.asp?ID=1337)). Control board replacement sold as S17/S17 Pro/T17 control board (listed by Zeus) ([Zeus Mining control board](https://www.zeusbtc.com/ASIC-Miner-Repair/Parts-Tools-Details.asp?ID=305)). Fan spec/size for sourcing replacements: 12038, 12V/2.4A, 6000RPM ([Bitmain Fan parameters](https://support.bitmain.com/hc/en-us/articles/5280676968217-Fan-parameters)).",Braiins OS+ lists S17 series support including T17 and indicates these miners use Xilinx-based control boards with external MicroSD slot; VNish also supports S17/T17 series per D-Central’s firmware guide ([D-Central firmware guide](https://d-central.tech/antminer-firmware-update-guide/)).,"[Bitmain Support T17 Specifications](https://support.bitmain.com/hc/en-us/articles/360020445993-T17-Specifications), [Bitmain Fan parameters](https://support.bitmain.com/hc/en-us/articles/5280676968217-Fan-parameters), [D-Central T17 maintenance & repair guide](https://d-central.tech/manuals/antminer-t17-maintenance-repair-guide/), [D-Central 17-series troubleshooting](https://d-central.tech/troubleshooting-the-most-common-problems-on-antminer-17-series/), [D-Central BM1397 deep dive](https://d-central.tech/mastering-the-bm1397-chip-an-in-depth-look-at-bitcoin-minings-core-component/), [Finance Magnates](https://www.financemagnates.com/cryptocurrency/news/bitmain-launches-antminer-t17-at-hr-40-th-s-1270-per-unit/), [BitcoinMerch T17 240-Aa](https://bitcoinmerch.com/products/antminer-t17-42th-s), [u.today](https://u.today/bitcoin-btc-miners-antminer-s17t17-suffer-critical-failure-rate-blockstreams-cso)",Long-running repair/failure discussion thread: [BitcoinTalk thread](https://bitcointalk.org/index.php?topic=5217949.320). Reddit sentiment example: [r/BitcoinMining T17 worth it?](https://www.reddit.com/r/BitcoinMining/comments/olmvbp/antminer_t17_worth_it_or_not/).,"Bitmain’s official T17 spec article does not enumerate PSU model, AC voltage range/current, control-board SoC, or hashboard part number/revision, so those fields remain partially unfilled from primary sources ([Bitmain Support T17 Specifications](https://support.bitmain.com/hc/en-us/articles/360020445993-T17-Specifications))."
Bitmain Antminer S9 14TH specs parts chip BM1387 hashboard PSU APW3 known issues repair,"Bitmain Antminer S9 (14 TH/s class, incl. S9/S9i/S9j)","BM1387 (incl. BM1387B variants used on some hashboards) ([BITMAIN Support](https://support.bitmain.com/hc/en-us/articles/360012163774-S9-Specifications)), ([D-Central](https://d-central.tech/antminer-s9-specifications/))","16nm (TSMC 16nm FinFET widely cited) ([D-Central](https://d-central.tech/antminer-s9-specifications/)), ([CryptoCompare](https://www.cryptocompare.com/mining/coinminer/antminer-s9-sha-256-135ths/)), ([WME](https://www.wme.cn/BitcoinMiningHardware/))","63 chips per hashboard (S9 air-cooled) ([D-Central](https://d-central.tech/antminer-s9-specifications/)), ([Zeus Mining](https://www.zeusbtc.com/articles/asic-miner-troubleshooting/3559-the-important-chips-on-the-antminer-v3-67-version-s9-hash-board)), ([BITMAIN Support](https://support.bitmain.com/hc/en-us/articles/360012163774-S9-Specifications))","189 total (3 boards × 63) ([BITMAIN Support](https://support.bitmain.com/hc/en-us/articles/360012163774-S9-Specifications)), ([D-Central](https://d-central.tech/antminer-s9-specifications/))","3 hashboards (S9 air-cooled) ([BITMAIN Support](https://support.bitmain.com/hc/en-us/articles/360012163774-S9-Specifications)), ([D-Central](https://d-central.tech/antminer-s9-specifications/))",Hashboard revision/PN not found in official public Bitmain spec; common field references include S9 hashboard revisions such as V3.67/V3.76 discussed in repair literature (verify on silkscreen per unit). ([Zeus Mining](https://www.zeusbtc.com/articles/asic-miner-troubleshooting/3559-the-important-chips-on-the-antminer-v3-67-version-s9-hash-board)),Bitmain S9 control board family (multiple PCB variants exist; some documentation describes Xilinx Zynq-7000 SoC usage on S9 control board). ([WME](https://www.wme.cn/BitcoinMiningHardware/)),APW3 / APW3+ / APW3++ commonly paired; S9 often sold without PSU depending on batch/market. ([D-Central](https://d-central.tech/antminer-s9-specifications/)),"APW3++ often rated ~1600W on 200–240V, and ~1200W max on 100–140V per reseller electrical spec sheets (S9 typically run on 200–240V for full stability). ([C.B.Electronics](https://cb-electronics.com/products/apw3/)), ([Discount Miners](https://discountminers.github.io/product/apw3-power-supply/index.html))",2 fans (air-cooled S9) ([BITMAIN Support](https://support.bitmain.com/hc/en-us/articles/360012163774-S9-Specifications)),"2 × 12038 fans (120mm × 38mm) listed by multiple spec aggregators and technical summaries (exact OEM model varies by batch). ([D-Central](https://d-central.tech/antminer-s9-specifications/)), ([CryptoCompare](https://www.cryptocompare.com/mining/coinminer/antminer-s9-sha-256-135ths/))",76 dB (official Bitmain spec) ([BITMAIN Support](https://support.bitmain.com/hc/en-us/articles/360012163774-S9-Specifications)),350 × 135 × 158 mm (L×W×H) ([BITMAIN Support](https://support.bitmain.com/hc/en-us/articles/360012163774-S9-Specifications)),"4.50 kg (official Bitmain spec; many third parties cite ~4.2 kg depending on batch) ([BITMAIN Support](https://support.bitmain.com/hc/en-us/articles/360012163774-S9-Specifications)), ([D-Central](https://d-central.tech/antminer-s9-specifications/))","11.6–13.0 V DC input to miner (from PSU output) ([BITMAIN Support](https://support.bitmain.com/hc/en-us/articles/360012163774-S9-Specifications)), ([CryptoCompare](https://www.cryptocompare.com/mining/coinminer/antminer-s9-sha-256-135ths/))","Not stated by Bitmain for the miner; for APW3++ PSU: up to 10A @ 200–240V input, or 14A @ 100–140V input; output up to 133A @ 12V on 200–240V (model-dependent). ([C.B.Electronics](https://cb-electronics.com/products/apw3/))",15–35°C (official Bitmain S9 spec) ([BITMAIN Support](https://support.bitmain.com/hc/en-us/articles/360012163774-S9-Specifications)),≤65% RH (official Bitmain S9 spec) ([BITMAIN Support](https://support.bitmain.com/hc/en-us/articles/360012163774-S9-Specifications)),"Not found in official Bitmain public docs; one secondary report claims ~$2,100 on Amazon in mid-2017 (not verified as Bitmain MSRP). ([MinerUpdate](https://www.minerupdate.com/news/trending-news/antminer-s9-drops-91-in-value-in-a-little-over-a-year))","June 1, 2016 is widely cited as launch date (e.g., rig index); Bitmain support spec page date is later than original release. ([hashrateindex.com](https://hashrateindex.com/rigs/bitmain-antminer-s9-11.5th))",Up to 14 TH/s across S9 batches; Bitmain lists 10T through 14T variants. ([BITMAIN Support](https://support.bitmain.com/hc/en-us/articles/360012163774-S9-Specifications)),"Bitmain lists power by hashrate tier (e.g., 1350W +12% for 13.5T; 1400W +12% for 14T). ([BITMAIN Support](https://support.bitmain.com/hc/en-us/articles/360012163774-S9-Specifications))",Bitmain: 14T at 96 J/TH (+10%); 13T at 100 J/TH (+10%). ([BITMAIN Support](https://support.bitmain.com/hc/en-us/articles/360012163774-S9-Specifications)),"S9 common failures reported in repair communities include burnt/melted 6-pin PCIe power connectors on hashboards leading to intermittent board dropouts and fire risk, plus cracked solder joints / thermal-cycling related intermittent ASIC communication failures; dust-clogged heatsinks and fan bearing wear drive overheating and shutdowns. ([D-Central](https://d-central.tech/manuals/antminer-s9-maintenance-repair-guide/))
Community reliability reports vary; a long-running BitcoinTalk thread discusses early field failure rates on some deployments (e.g., reports of >25% needing repair within 90 days in one anecdotal report). ([BitcoinTalk](https://bitcointalk.org/index.php?topic=1717065.0))
Bitmain/repair guides and Zeus troubleshooting list common log-indicated issues: Fan error, PIC error, missing chips/boards, CRC errors, network/pool issues, overtemp protection. ([Zeus Mining](https://www.zeusbtc.com/articles/asic-miner-troubleshooting/1139-s9-series-common-problems-and-solutions-for-miners-kernel-logs)), ([BITMAIN Support](https://support.bitmain.com/hc/en-us/articles/18237912339097-Troubleshooting-and-solutions-for-ANTMINER-failures))
S17 series (requested context): widely described as failure-prone, with D-Central documenting copper chip-top oxidation/delamination that causes heatsinks to fall and can short/explode boards, plus hashboard connector failures and rapid thermal interface degradation. ([D-Central](https://d-central.tech/manuals/antminer-s17-maintenance-repair-guide/))
External reporting notes high failure-rate claims for S17 batches (20–30% cited by some customers/companies per article). ([CoinGeek](https://coingeek.com/bitmain-admits-hardware-problems-with-antminer-s17/))","Real-world hashrate/power depend heavily on PSU efficiency, ambient temp, dust loading, and firmware; Bitmain’s own power figures are specified with tolerances and vary by hashrate bin. ([BITMAIN Support](https://support.bitmain.com/hc/en-us/articles/360012163774-S9-Specifications))
Third-party comparisons suggest S9 vs S9i has similar hashrate but lower watt draw on some S9i units (anecdotal test-based video). ([YouTube](https://www.youtube.com/watch?v=t0p4sjbNK_M))","Commonly replaced/serviced S9 hashboard components cited in repair literature include BM1387/BM1387B ASICs, PIC16F1704 microcontroller, and power-stage parts like LM27402S controller and MOSFETs such as TPHR9003NL, plus temperature sensors and EEPROM depending on board revision. ([Zeus Mining](https://www.zeusbtc.com/articles/asic-miner-troubleshooting/3559-the-important-chips-on-the-antminer-v3-67-version-s9-hash-board)), ([Zeus Mining](https://www.zeusbtc.com/ASIC-Miner-Repair/Parts-Tools-Details.asp?ID=1589))
Repair guides emphasize replacement of damaged 6-pin PCIe connectors on hashboards as a frequent aged-unit repair. ([D-Central](https://d-central.tech/manuals/antminer-s9-maintenance-repair-guide/))","S9 series is broadly supported by alternative firmware; D-Central’s firmware guide lists S9/S9i/S9j supported by Braiins OS+ and also lists VNish support for S9 generation. ([D-Central](https://d-central.tech/antminer-firmware-update-guide/))
Zeus describes S9-series control board recovery via SD card and notes multiple control-board PCB models with differing SD-enable methods, which affects recovery/firmware workflows. ([Zeus Mining](https://www.zeusbtc.com/articles/asic-miner-troubleshooting/1184-s9-series-s9-s9i-s9j-s9-hydro-control-board-program-recovery))","[BITMAIN Support S9 Specs](https://support.bitmain.com/hc/en-us/articles/360012163774-S9-Specifications), [D-Central S9 specifications](https://d-central.tech/antminer-s9-specifications/), [CryptoCompare S9 spec summary](https://www.cryptocompare.com/mining/coinminer/antminer-s9-sha-256-135ths/), [Zeus Mining S9 hashboard chips (V3.67 example)](https://www.zeusbtc.com/articles/asic-miner-troubleshooting/3559-the-important-chips-on-the-antminer-v3-67-version-s9-hash-board), [Zeus Mining S9 hashboard repair guide](https://www.zeusbtc.com/manuals/Antminer-S9-Hash-Board-Repair-Guide.asp), [D-Central S9 maintenance & repair guide](https://d-central.tech/manuals/antminer-s9-maintenance-repair-guide/), [D-Central Antminer firmware update guide](https://d-central.tech/antminer-firmware-update-guide/), [D-Central S17 maintenance & repair guide](https://d-central.tech/manuals/antminer-s17-maintenance-repair-guide/), [CoinGeek on S17 issues](https://coingeek.com/bitmain-admits-hardware-problems-with-antminer-s17/), [hashrateindex.com rig page](https://hashrateindex.com/rigs/bitmain-antminer-s9-11.5th), [WME S9 hardware overview](https://www.wme.cn/BitcoinMiningHardware/)","[BitcoinTalk S9 reliability thread](https://bitcointalk.org/index.php?topic=1717065.0), [Reddit discussion on S9 variants](https://www.reddit.com/r/BitcoinMining/comments/pnv0vf/differences_between_s9_variants/), [Reddit S9 hashboard repair learning thread](https://www.reddit.com/r/BitcoinMining/comments/myi8el/repairing_bitmain_antminer_s9_hashboards/)","Variants requested: official Bitmain public spec pages exist for S9 and at least S9 SE and S9 Hydro, with S9 SE listed at 17T and 180 chips total and S9 Hydro at 18.5T with 4 boards/216 chips (these are separate SKUs from the classic 3-board S9). ([BITMAIN Support S9 SE](https://support.bitmain.com/hc/en-us/articles/360025008813-S9-SE-Specifications)), ([BITMAIN Support S9 Hydro](https://support.bitmain.com/hc/en-us/articles/360020089114-S9-Hydro-Specifications))
Control board identification in the field: Zeus notes multiple S9-series control board PCB models (e.g., CRT0401/CRT0402/CRT0302/CRT0301) impacting SD-flash enabling. ([Zeus Mining](https://www.zeusbtc.com/articles/asic-miner-troubleshooting/1184-s9-series-s9-s9i-s9j-s9-hydro-control-board-program-recovery))"
Bitmain Antminer S9i S9j specs parts chip hashboard PSU fans dimensions weight,Bitmain Antminer S9i,BM1387 (16nm),16nm,63,189,3,V3.x/V4.x variants (e.g. V3.76); no universal PN found,"S9 series (e.g. CRT0301/CRT0302/CRT0401/CRT0402, C41 v1.2)",APW3++ (sold separately),N/A (external ~1400-1600W recommended),2,"12038 fans (front 6000 rpm, rear 4500-6000 rpm)",76 dB,350 x 135 x 158 mm,4.2 kg,11.6-13.0 V DC,N/A (10x 6-pin PCIe ~110-133A @12V),0-40 °C,5-95% RH (non-condensing),~$1000-1500 (2018 est; exact MSRP not found),May 2018,14 TH/s (±5%; variants 13-14.5 TH/s),1320 W (±5-10%),94 J/TH (±5-10%),"Burnt/melted 6-pin PCIe connectors (most common); loose heatsinks/thermal glue failure; missing chips/boards (ribbon cable/power); fan bearing wear; PIC/EEPROM/temp sensor faults; voltage domain issues. S17 series: notorious for chip-top oxidation/delamination, falling heatsinks causing shorts/explosions, thermal paste quick degradation.",Typically meets specs ~13-14 TH/s @ ~1300-1400W (94-100 J/TH); consistent with stock; custom FW (Braiins/VNish) can tune to 10-16 TH/s @ 70-90 J/TH.,"BM1387 ASIC chips; PIC16F1704; TPHR9003NL MOS; T451 temp sensor; uP1542/uP9305 regulators; 6-pin PCIe connectors; 18-pin ribbon cables; 12038 fans. Repair bundles available [D-Central](https://d-central.tech/product/bitmain-antminer-s9-hashboard-repair-parts-bundle/), [Zeus Mining](https://www.zeusbtc.com/ASIC-Miner-Repair/Parts-Tools-Details.asp?ID=83).","Stock Bitmain (auto-freq, LPM modes); Braiins OS+ (S9/S9i/S9j supported); VNish (S9/S9i/S9j); ASICBoost compatible. [Braiins](https://braiins.com/os-firmware/download), [VNish](https://vnish.farm/en/firmware/AntMiner_S9_S9i_S9j).","[D-Central S9i specs](https://d-central.tech/antminer-s9i-specifications/), [Bitmain S9i specs](https://support.bitmain.com/hc/en-us/articles/360020079354-S9i-Specifications), [Bitmain S9i install PDF](https://file12.bitmain.com/shop-product/firmware/859abc04-6016-42a3-967e-ff7a514a9cf4/2019/11/06/11/S9i%20Server%20Installation%20Guide.pdf), [D-Central S9 repair guide](https://d-central.tech/manuals/antminer-s9-maintenance-repair-guide/), [Zeus S9 chips](https://www.zeusbtc.com/articles/asic-miner-troubleshooting/3559-the-important-chips-on-the-antminer-v3-67-version-s9-hash-board).","[Reddit S9 variants](https://www.reddit.com/r/BitcoinMining/comments/pnv0vf/differences_between_s9_variants/), [Reddit S9 repair](https://www.reddit.com/r/BitcoinMining/comments/myi8el/repairing_bitmain_antminer_s9_hashboards/), [BitcoinTalk S17 issues](https://bitcointalk.org/index.php?topic=5217949.320), [Zeus kernel logs](https://www.zeusbtc.com/articles/asic-miner-troubleshooting/1139-s9-series-common-problems-and-solutions-for-miners-kernel-logs).","S9 variants (S9, S9i, S9j, S9k, S9 SE): incremental efficiency/noise improvements on same BM1387 platform; identical core architecture (3x63 chips). S9i quieter (76 vs 85 dB S9). No exact hashboard/control board PN confirmed (visual inspection of images suggested); PSU external. Detailed notes saved: antminer_s9i_research_notes.md."
Bitmain Antminer T21 190TH specs parts chip BM1368 hashboard PSU APW17 fans noise,Bitmain Antminer T21 (Version 10),BM1368 (Bitmain),Unknown / not stated in reviewed primary sources (Bitmain specs + Braiins deep dive do not mention node),108,324,3,BHB68701 (T21/S21 repair guide identifies applicability; official Bitmain docs do not publish board P/N),Amlogic A113D (control board often sold as “A113D C76C81”; Bitmain support docs don’t list model),APW11A1216-1a (3‑phase PSU; required min input 380V),"3610W (NEM typical) / 5126W (HEM typical, per Bitmain spec)","4 (Braiins deep dive); official Bitmain spec only provides noise value, not fan count",12V DC 4.5A (54W) per fan per Braiins; physical size/model not disclosed in sources,76 dBA @30°C (Bitmain spec); some resellers list 75 dB,"400×212×290 mm (Bitmain spec, w/o package); 570×316×430 mm (with package)",17.0 kg net; 19.1 kg gross (Bitmain spec),"380–415 VAC, 3‑phase","12 A (maximum input current, Bitmain spec)",0–45°C (Bitmain spec),"10–90% RH, non‑condensing (Bitmain spec)",Unknown (Bitmain did not publish MSRP in reviewed sources; market pricing varies by batch/reseller),Announced Oct 2023; shipping/availability noted Jan 2024 (press/retail timelines),190 TH/s (NEM typical); 233 TH/s (HEM typical),3610 W (NEM typical); 5126 W (HEM typical),19.0 J/TH (NEM typical); 22.0 J/TH (HEM typical),"Primary risk driver is power infrastructure mismatch: T21 requires 380–415V 3‑phase; incorrect voltage/phase imbalance/connector issues can cause instability and PSU failure (D-Central T21 repair page). PSU-version read failures can cause 0 detected ASICs and hashboards to be powered off; Zeus Mining documents checking the 4‑pin voltage regulation cable and ensuring correct PSU model APW11A1216-1a. HEM mode significantly increases thermal/power stress (Bitmain HEM spec, D-Central T21 repair page).","D-Central measured sample: hashrate range 183.1–195.8 TH/s (±3.4%), wall power measured 3,645 W, measured efficiency 19.3 J/TH, HW errors 0.03%, avg chip temp 62°C max 71°C (D-Central T21 review 2026).","ASIC chip variants used in S21/T21 ecosystem include BM1368AA/BM1368PA/BM1368PB/BM1368PV (LYS BM1368 tester listing). Zeus Mining S21/T21 repair kit lists common vulnerable parts including S75 temperature sensor chips, 0.8V/1.2V/1.8V LDO chips, SGM8304 op-amp modules, plus passives (Zeus Mining parts kit; LYS component list blog). PSU replacement: APW11A1216-1a (Zeus Mining APW11A1216-1a page).","Stock firmware supports NEM/HEM profiles (Bitmain T21 spec; D-Central T21 repair page). Braiins OS support for T21 discussed in Braiins T21 deep dive; D-Central firmware guide lists T21 support by Braiins OS+, VNish, LuxOS but notes some post-March-2024 Amlogic control boards may be locked for third-party firmware installs (D-Central firmware update guide).","[BITMAIN Support: T21 Specifications](https://support.bitmain.com/hc/en-us/articles/24967960325785-T21-Specifications), [Braiins: Antminer T21 Technical Deep Dive](https://braiins.com/blog/antminer-t21-technical-deep-dive), [Zeus Mining: Antminer S21 T21 Hash Board Repair Guide](https://www.zeusbtc.com/articles/information/5042-antminer-s21-t21-hash-board-repair-guide), [Zeus Mining: APW11A1216-1a PSU for T21](https://www.zeusbtc.com/ASIC-Miner-Repair/Parts-Tools-Details.asp?ID=3491), [Zeus Mining: T21 PSU version read failure troubleshooting](https://www.zeusbtc.com/articles/asic-miner-troubleshooting/5693-antminer-t21-power-supply-version-read-failure-troubleshooting), [D-Central: Antminer T21 repair service page (common issues)](https://d-central.tech/asic-repair/antminer-t21-repair/), [D-Central: Antminer T21 Review 2026 (measured performance)](https://d-central.tech/antminer-t21-review-2026-best-value-current-gen-miner-performance-efficiency-profitability/), [D-Central: Antminer firmware update guide](https://d-central.tech/antminer-firmware-update-guide/), [LYS: BM1368 series tester + chip variants](https://lys-sz.com/products/bm1368-asic-tester-antminer-s21xp-s21-t21-hashboard-repair), [LYS: S21/T21 hash board repair components list](https://lys-sz.com/blogs/news/antminer-t21-s21-crypto-miner-hash-board-repair-components-list)",[Reddit r/BitcoinMining: Is Antminer T21 better than S21?](https://www.reddit.com/r/BitcoinMining/comments/1bhienx/is_antminer_t21_better_than_the_antminer_s21/) (discussion of 3‑phase requirement and anecdotal reliability). Bitcointalk thread URL exists but content was not accessible/visible via fetch at time of research: [Bitcointalk: Another reason NOT to buy the Antminer T21](https://bitcointalk.org/index.php?topic=5497974.0).,"Official Bitmain T21 spec page provides electrical/environmental/physical specs but does not disclose ASIC process node, PSU model, fan count, fan model, or hashboard/control board part numbers. Braiins confirms 3 hashboards and 324 BM1368 chips (108 per board) and notes 4 fans at 12V/4.5A each plus a larger 3‑phase PSU chassis compared with S21. Some reseller spec pages conflict on fan count (often listing 2), so treat 4-fan detail as coming from teardown-based sources (Braiins) rather than reseller listings."
